STATS,Autoc,contr,corrm,corrp,cprom,cshad,dissi,energ,entro,homom,homop,maxpr,sosvh,savgh,svarh,senth,dvarh,denth, inf1h, inf2h,indnc,idmnc
Sample(1)1,25.458,0.1525,0.98543,0.98543,759.44,-0.50324,0.11663,0.10119,2.4994,0.94571,0.94484,0.11877,25.39,9.0109,64.653,2.3878,0.1525,0.3691,-0.79727,0.98164,0.98738,0.99779
Sample(1)2,25.388,0.13583,0.98712,0.98712,769.65,0.9815,0.11082,0.10185,2.4855,0.94763,0.94691,0.1236,25.316,8.985,64.548,2.3828,0.13583,0.35649,-0.80432,0.98219,0.98793,0.99799
Sample(1)3,25.365,0.14185,0.98647,0.98647,761.49,1.1681,0.10826,0.10273,2.4767,0.9496,0.94882,0.12122,25.301,8.9874,64.572,2.3736,0.14185,0.34989,-0.80838,0.98249,0.98829,0.99794
Sample(1)4,25.358,0.15975,0.98489,0.98489,773.76,0.067757,0.12195,0.10023,2.5154,0.94356,0.94251,0.12409,25.287,8.9785,64.302,2.3964,0.15975,0.38137,-0.7901,0.98111,0.98682,0.99766
Sample(1)5,25.432,0.22876,0.97835,0.97835,766.52,-0.37353,0.1553,0.095106,2.5938,0.92999,0.9285,0.11946,25.41,9.0032,63.997,2.4384,0.22876,0.44776,-0.7523,0.97785,0.98342,0.99679
Sample(1)6,25.459,0.17934,0.98279,0.98279,757.9,-0.44012,0.12842,0.099192,2.5292,0.94117,0.94009,0.11873,25.411,9.0195,64.437,2.4033,0.17934,0.3937,-0.78344,0.98057,0.9862,0.99745
Sample(1)7,25.318,0.27764,0.97369,0.97369,759.01,0.26426,0.16698,0.094518,2.6145,0.92788,0.92573,0.11853,25.317,8.9845,63.696,2.437,0.27764,0.46906,-0.74249,0.97692,0.98246,0.99621
Sample(1)8,25.413,0.21921,0.97917,0.97917,769.65,-2.3249,0.14965,0.096167,2.5785,0.93259,0.93114,0.12532,25.376,9.0025,64.034,2.4294,0.21921,0.43676,-0.75934,0.97848,0.98402,0.99691
Sample(1)9,25.353,0.25922,0.97547,0.97547,767.93,-1.4473,0.16723,0.093841,2.6203,0.92615,0.92419,0.12291,25.347,8.9887,63.68,2.446,0.25922,0.47148,-0.73955,0.97663,0.98227,0.99639
Sample(1)10,25.449,0.25955,0.97545,0.97545,766.05,-1.2991,0.15903,0.096041,2.5938,0.93112,0.92903,0.12037,25.441,9.0096,64.262,2.4232,0.25955,0.45445,-0.75207,0.97781,0.98326,0.99642
Sample(1)11,25.44,0.12537,0.98811,0.98811,778.41,-0.97251,0.10274,0.10329,2.4657,0.95134,0.9507,0.12559,25.354,8.9962,64.852,2.3707,0.12537,0.33835,-0.81379,0.98288,0.98881,0.99814
Sample(1)12,25.268,0.24656,0.97666,0.97666,765.24,1.5303,0.16453,0.09399,2.6109,0.92642,0.92474,0.12022,25.243,8.9684,63.423,2.4463,0.24656,0.46523,-0.74403,0.97706,0.98248,0.99654
Sample(1)13,25.472,0.17531,0.98323,0.98323,757.36,-0.43121,0.13064,0.098799,2.5361,0.93979,0.93868,0.11897,25.422,9.0185,64.433,2.4078,0.17531,0.39945,-0.77982,0.98026,0.98591,0.99746
Sample(1)14,25.556,0.1601,0.98466,0.98466,758.2,-1.4402,0.12417,0.09948,2.5217,0.94218,0.94116,0.11927,25.498,9.0371,64.757,2.4006,0.1601,0.38673,-0.78716,0.98088,0.98655,0.99766
Sample(1)15,25.405,0.12441,0.98818,0.98818,770.2,0.18933,0.10033,0.10385,2.459,0.95286,0.95208,0.12241,25.331,8.9903,64.862,2.3615,0.12441,0.33365,-0.81733,0.98315,0.98909,0.99816
Sample(1)16,25.476,0.17897,0.98291,0.98291,759.15,0.069194,0.13199,0.09867,2.5378,0.9394,0.93821,0.11843,25.438,9.0176,64.462,2.4073,0.17897,0.40256,-0.77916,0.98021,0.98579,0.99741
Sample(1)17,25.511,0.17612,0.98322,0.98322,769.14,-1.7126,0.13036,0.098956,2.5352,0.93995,0.9388,0.12513,25.454,9.0224,64.595,2.4058,0.17612,0.39937,-0.78006,0.98027,0.98595,0.99746
Sample(1)18,25.342,0.14918,0.98597,0.98597,783.87,0.15452,0.11648,0.10133,2.5013,0.94591,0.94487,0.1262,25.28,8.9665,64.419,2.3864,0.14918,0.37034,-0.79659,0.9816,0.98739,0.9978
Sample(1)19,25.33,0.16699,0.98405,0.98405,763,0.78754,0.12561,0.099806,2.5242,0.94233,0.94108,0.11924,25.282,8.9842,64.163,2.3971,0.16699,0.39015,-0.78581,0.98076,0.98646,0.99755
Sample(1)20,25.358,0.26386,0.97466,0.97466,743.12,0.8335,0.17489,0.09221,2.639,0.92237,0.92033,0.11371,25.355,9.0075,63.446,2.459,0.26386,0.48672,-0.73045,0.97571,0.98141,0.99628
Sample(1)21,25.4,0.21,0.9801,0.9801,771.2,-0.55591,0.14944,0.096251,2.5805,0.93252,0.93084,0.12378,25.365,8.9954,64.061,2.4251,0.21,0.43945,-0.75863,0.97843,0.98399,0.99696
Sample(1)22,25.503,0.18937,0.982,0.982,767.59,-1.262,0.13719,0.097999,2.55,0.93726,0.93604,0.1246,25.445,9.0198,64.466,2.4153,0.18937,0.41228,-0.77287,0.97966,0.98525,0.99727
Sample(1)23,25.384,0.16034,0.98467,0.98467,761.94,0.94924,0.11836,0.10099,2.5017,0.94542,0.94443,0.1209,25.327,8.9968,64.46,2.3858,0.16034,0.37287,-0.79667,0.98162,0.98724,0.9977
Sample(1)24,25.525,0.2149,0.97939,0.97939,753.22,-1.4254,0.15576,0.094575,2.5987,0.9291,0.92752,0.11622,25.497,9.0371,64.149,2.4412,0.2149,0.45126,-0.75001,0.97764,0.98327,0.99689
Sample(1)25,25.383,0.15799,0.9848,0.9848,757.59,0.095146,0.11872,0.10075,2.5053,0.94511,0.9441,0.1191,25.33,9.0032,64.395,2.3877,0.15799,0.37439,-0.79499,0.98149,0.98718,0.99771
Sample(1)26,25.435,0.1481,0.98581,0.98581,757.65,-0.39847,0.1196,0.10032,2.5106,0.94373,0.94285,0.11992,25.367,9.0093,64.45,2.3965,0.1481,0.37701,-0.79179,0.98121,0.98699,0.99781
Sample(1)27,25.441,0.21802,0.97918,0.97918,758.03,-1.2323,0.15652,0.094943,2.598,0.92882,0.92725,0.11935,25.408,9.0143,63.948,2.4397,0.21802,0.4525,-0.74937,0.97752,0.9832,0.99686
Sample(1)28,25.431,0.15575,0.9853,0.9853,779.44,-1.5422,0.1137,0.10216,2.4873,0.94765,0.94674,0.12817,25.364,8.9912,64.786,2.377,0.15575,0.36166,-0.80315,0.98209,0.98776,0.99777
Sample(1)29,25.466,0.20771,0.98008,0.98008,755.83,-0.76215,0.14816,0.096116,2.5795,0.93292,0.93137,0.11787,25.437,9.0238,64.129,2.4295,0.20771,0.43571,-0.75907,0.97847,0.98412,0.997
Sample(1)30,25.456,0.17166,0.98381,0.98381,784.66,-0.12697,0.129,0.099343,2.5326,0.94045,0.93928,0.12708,25.394,8.998,64.517,2.4037,0.17166,0.39718,-0.78122,0.98035,0.98608,0.99751
Sample(1)31,25.48,0.21488,0.97945,0.97945,764.66,-2.4498,0.15473,0.095009,2.5953,0.92964,0.92804,0.12407,25.452,9.0241,64.076,2.4382,0.21488,0.44957,-0.7513,0.97774,0.98339,0.9969
Sample(1)32,25.458,0.20635,0.98053,0.98053,772.05,-0.78709,0.14512,0.097057,2.5692,0.93426,0.93282,0.12043,25.412,9.0023,64.282,2.423,0.20635,0.42899,-0.76341,0.97882,0.98446,0.99705
Sample(1)33,25.187,0.24705,0.97647,0.97647,756.29,1.7433,0.16239,0.09425,2.6061,0.92746,0.92583,0.11745,25.163,8.9579,63.195,2.443,0.24705,0.46072,-0.74628,0.97728,0.98273,0.99657
Sample(1)34,25.353,0.19484,0.98139,0.98139,766.83,0.53589,0.14519,0.096331,2.5725,0.93312,0.93179,0.12298,25.312,8.9922,63.83,2.4284,0.19484,0.43053,-0.76212,0.97872,0.98434,0.99718
Sample(1)35,25.42,0.23434,0.97729,0.97729,747.29,-0.38168,0.15747,0.094922,2.5998,0.92967,0.92796,0.11547,25.393,9.0283,63.832,2.4383,0.23434,0.45285,-0.74909,0.97753,0.98323,0.99669
Sample(1)36,25.368,0.20349,0.98052,0.98052,765.05,-0.4311,0.14207,0.097214,2.561,0.93541,0.93412,0.12427,25.324,8.9991,63.977,2.4199,0.20349,0.42195,-0.76778,0.97923,0.98478,0.99713
Sample(1)37,25.518,0.15999,0.98461,0.98461,754.22,0.012968,0.11507,0.1017,2.4931,0.94718,0.94627,0.11874,25.461,9.0333,64.88,2.3813,0.15999,0.36421,-0.80043,0.98189,0.98763,0.99773
Sample(1)38,25.416,0.1944,0.9815,0.9815,763.13,-0.39467,0.13907,0.097652,2.556,0.93659,0.93531,0.11981,25.379,9.0018,64.169,2.4182,0.1944,0.41632,-0.77017,0.97944,0.98507,0.99722
Sample(1)39,25.334,0.15554,0.98528,0.98528,773.2,0.35949,0.11729,0.10113,2.4982,0.9456,0.94469,0.1253,25.274,8.9726,64.378,2.3851,0.15554,0.37052,-0.79849,0.98176,0.98733,0.99775
Sample(1)40,25.536,0.15822,0.98498,0.98498,767.58,-1.0447,0.12541,0.099399,2.5263,0.94142,0.94037,0.11946,25.487,9.0221,64.697,2.4045,0.15822,0.39003,-0.78459,0.98065,0.98639,0.99766
Sample(1)41,25.384,0.16044,0.98484,0.98484,770.29,1.1072,0.126,0.099305,2.5221,0.94098,0.94011,0.12148,25.334,8.9832,64.283,2.404,0.16044,0.38919,-0.78676,0.98083,0.98633,0.99765
Sample(1)42,25.36,0.16847,0.98393,0.98393,760.29,0.771,0.1242,0.099903,2.5187,0.94278,0.94171,0.11871,25.301,8.9892,64.277,2.3957,0.16847,0.38587,-0.78858,0.98099,0.98662,0.99758
Sample(1)43,25.467,0.14706,0.98611,0.98611,772.02,-1.0224,0.11259,0.10204,2.4858,0.94753,0.94672,0.124,25.396,8.9993,64.862,2.3787,0.14706,0.35981,-0.80395,0.98215,0.98782,0.99787
Sample(1)44,25.4,0.20175,0.98101,0.98101,771.93,0.13474,0.14467,0.096617,2.5675,0.93379,0.93258,0.12099,25.368,8.9861,64.074,2.4268,0.20175,0.42683,-0.765,0.979,0.98446,0.99712
Sample(1)45,25.477,0.15587,0.98515,0.98515,765.31,-0.83589,0.11696,0.1011,2.5013,0.94583,0.94493,0.11942,25.42,9.0128,64.712,2.3886,0.15587,0.36932,-0.79671,0.98161,0.98737,0.99775
Sample(1)46,25.477,0.19177,0.98177,0.98177,764.57,-0.31272,0.13594,0.098379,2.5472,0.93833,0.937,0.11849,25.444,9.0142,64.453,2.4106,0.19177,0.41011,-0.77442,0.9798,0.98543,0.99725
Sample(1)47,25.47,0.18895,0.98202,0.98202,764.2,-0.053508,0.13658,0.098155,2.5499,0.93755,0.93633,0.1215,25.415,9.0135,64.359,2.4154,0.18895,0.41125,-0.77265,0.97962,0.98532,0.99729
Sample(1)48,25.373,0.20172,0.98091,0.98091,764.73,0.77482,0.14322,0.096944,2.5668,0.93486,0.9335,0.11842,25.341,8.9867,64.014,2.4232,0.20172,0.42513,-0.76531,0.97903,0.98464,0.99712
Sample(1)49,25.364,0.16966,0.9838,0.9838,757.54,0.33104,0.12566,0.099748,2.5215,0.9422,0.94112,0.11853,25.294,8.9915,64.247,2.3985,0.16966,0.38856,-0.78708,0.98086,0.98646,0.99754
Sample(1)50,25.482,0.2157,0.97961,0.97961,774.24,-1.9392,0.15693,0.094548,2.6006,0.92827,0.92682,0.12246,25.449,9.0109,64.044,2.446,0.2157,0.4524,-0.74872,0.9775,0.98313,0.99689
Sample(2)1,25.225,0.16897,0.98407,0.98407,775.15,0.3529,0.1401,0.09659,2.554,0.93347,0.93257,0.12309,25.177,8.9455,63.569,2.4246,0.16897,0.41934,-0.77114,0.97952,0.98472,0.99749
Sample(2)2,25.325,0.20325,0.98047,0.98047,749.93,1.9024,0.16241,0.094329,2.5976,0.925,0.92286,0.12973,25.278,8.9942,63.688,2.4307,0.20325,0.46938,-0.7485,0.97738,0.98239,0.99695
Sample(2)3,25.184,0.13193,0.98783,0.98783,798.83,1.591,0.11891,0.10014,2.5039,0.9422,0.94176,0.13114,25.109,8.9061,63.834,2.4035,0.13193,0.3729,-0.79457,0.9814,0.98692,0.99801
Sample(2)4,25.6,0.098633,0.99042,0.99042,747.25,-0.54949,0.088694,0.10564,2.4225,0.95694,0.9566,0.12267,25.492,9.0558,65.499,2.347,0.098633,0.30461,-0.83411,0.98426,0.99025,0.99851
Sample(2)5,25.302,0.17951,0.98312,0.98312,773.14,0.61309,0.1587,0.093255,2.602,0.92372,0.92269,0.12316,25.245,8.9606,63.377,2.4581,0.17951,0.45608,-0.74683,0.97725,0.98259,0.99728
Sample(2)6,25.388,0.084976,0.99195,0.99195,771.95,0.98321,0.078539,0.10766,2.3893,0.96165,0.96136,0.12551,25.271,8.9784,65.314,2.3234,0.084976,0.2796,-0.85043,0.98532,0.99134,0.99871
Sample(2)7,25.381,0.20424,0.98068,0.98068,760.95,0.67837,0.16524,0.092498,2.6206,0.92207,0.92088,0.12189,25.358,8.9884,63.474,2.4662,0.20424,0.46822,-0.73793,0.97639,0.98202,0.99699
Sample(2)8,25.493,0.18744,0.98221,0.98221,768.32,-2.6265,0.14702,0.095651,2.5739,0.9309,0.92995,0.12108,25.431,9.0151,64.137,2.4385,0.18744,0.43141,-0.7612,0.97863,0.98404,0.99728
Sample(2)9,25.474,0.12762,0.98788,0.98788,766.08,-0.32136,0.11497,0.10297,2.4827,0.94445,0.94377,0.13857,25.404,9.005,64.81,2.3811,0.12762,0.36746,-0.79984,0.98156,0.98736,0.99806
Sample(2)10,25.405,0.13095,0.98745,0.98745,761.83,0.85481,0.11537,0.10098,2.4858,0.94457,0.94383,0.12061,25.347,9.0004,64.552,2.3816,0.13095,0.36867,-0.80391,0.98215,0.98735,0.99802
Sample(2)11,25.324,0.14456,0.98644,0.98644,786.21,-0.4744,0.12879,0.098266,2.5279,0.93795,0.93716,0.12887,25.242,8.9595,64.042,2.4117,0.14456,0.39709,-0.7837,0.98057,0.98586,0.99781
Sample(2)12,25.338,0.092349,0.99123,0.99123,766.45,1.6527,0.084953,0.10634,2.4116,0.95856,0.95824,0.12447,25.262,8.9708,64.933,2.3404,0.092349,0.29565,-0.8394,0.98461,0.99064,0.9986
Sample(2)13,25.245,0.18649,0.98237,0.98237,770.68,1.8149,0.15476,0.093542,2.596,0.92627,0.92538,0.12016,25.213,8.9556,63.201,2.4565,0.18649,0.4465,-0.75105,0.97772,0.98311,0.99725
Sample(2)14,25.477,0.12606,0.988,0.988,770.8,-0.016976,0.10079,0.10432,2.4546,0.95263,0.95192,0.12695,25.397,9.0087,65.09,2.3595,0.12606,0.33375,-0.81823,0.98315,0.98905,0.99814
Sample(2)15,25.454,0.094997,0.99087,0.99087,760.9,0.63346,0.086597,0.10572,2.4166,0.95783,0.95751,0.12121,25.381,9.0112,65.164,2.3438,0.094997,0.29959,-0.83762,0.98452,0.99046,0.99856
Sample(2)16,25.604,0.15015,0.98575,0.98575,775.57,-2.17,0.13077,0.098064,2.5344,0.93737,0.93649,0.12491,25.556,9.0358,64.772,2.4136,0.15015,0.40171,-0.78046,0.9803,0.98567,0.99773
Sample(2)17,25.675,0.16201,0.9842,0.9842,749.37,-1.8509,0.13402,0.098294,2.5374,0.93686,0.9357,0.12911,25.628,9.0837,64.908,2.4084,0.16201,0.4097,-0.77805,0.98005,0.9854,0.99757
Sample(2)18,25.342,0.17359,0.9838,0.9838,790.51,-0.33673,0.13814,0.097965,2.5471,0.93609,0.93441,0.12754,25.302,8.9605,64.234,2.4045,0.17359,0.42028,-0.77463,0.97982,0.98503,0.9974
Sample(2)19,25.394,0.24688,0.97647,0.97647,763.84,0.0087318,0.18433,0.090746,2.6493,0.91564,0.91351,0.12051,25.387,9.0046,63.538,2.4626,0.24688,0.50814,-0.72512,0.97514,0.98014,0.9964
Sample(2)20,25.474,0.17234,0.98362,0.98362,766.27,-0.08509,0.13838,0.097214,2.5501,0.93498,0.93391,0.12233,25.434,9.0113,64.325,2.4188,0.17234,0.41706,-0.77279,0.97965,0.98496,0.99746
Sample(2)21,25.465,0.10745,0.98976,0.98976,769.21,0.15418,0.094901,0.10436,2.4404,0.95422,0.95374,0.12175,25.367,9.0044,65.083,2.3564,0.10745,0.32041,-0.82629,0.98377,0.98958,0.99838
Sample(2)22,25.547,0.17574,0.98331,0.98331,766.85,-0.47947,0.14461,0.096115,2.5655,0.93205,0.93067,0.123,25.513,9.0266,64.486,2.4234,0.17574,0.43218,-0.76608,0.97911,0.98425,0.99737
Sample(2)23,25.58,0.16623,0.98426,0.98426,780.8,-3.6576,0.13117,0.098585,2.5352,0.93831,0.93748,0.12919,25.527,9.0297,64.712,2.4144,0.16623,0.39959,-0.77971,0.98022,0.98576,0.99758
Sample(2)24,25.243,0.22987,0.97817,0.97817,769.46,0.72456,0.19228,0.088277,2.6746,0.90923,0.9075,0.12043,25.216,8.9652,62.752,2.4901,0.22987,0.51952,-0.71258,0.97376,0.97903,0.99655
Sample(2)25,25.372,0.15203,0.9854,0.9854,747.83,2.0032,0.12778,0.098401,2.5279,0.93892,0.93829,0.12086,25.307,8.9981,64.001,2.4159,0.15203,0.39183,-0.78314,0.9805,0.98604,0.99774
Sample(2)26,25.282,0.14892,0.98591,0.98591,766.54,1.7292,0.13154,0.098197,2.5319,0.93666,0.93588,0.12759,25.234,8.9602,63.844,2.4141,0.14892,0.40238,-0.78056,0.98025,0.98556,0.99775
Sample(2)27,25.377,0.10339,0.99019,0.99019,770.41,1.385,0.095974,0.10425,2.4426,0.953,0.95272,0.12268,25.287,8.9801,64.736,2.3645,0.10339,0.32121,-0.82406,0.98356,0.98941,0.99843
Sample(2)28,25.37,0.10644,0.99006,0.99006,789.34,0.64887,0.093139,0.10519,2.4321,0.95529,0.95472,0.12608,25.297,8.9594,65.039,2.3471,0.10644,0.31706,-0.83005,0.98402,0.98979,0.99839
Sample(2)29,25.424,0.20426,0.97992,0.97992,731.35,0.60671,0.17152,0.090761,2.6368,0.9184,0.91725,0.1203,25.399,9.0424,63.217,2.4787,0.20426,0.47926,-0.72954,0.9755,0.98127,0.99696
Sample(2)30,25.423,0.15854,0.98482,0.98482,762.16,0.80262,0.13474,0.097796,2.5349,0.93608,0.93494,0.12202,25.347,9.0066,64.281,2.4073,0.15854,0.41138,-0.78044,0.98031,0.98528,0.99761
Sample(2)31,25.083,0.20348,0.98044,0.98044,754.62,2.1148,0.16576,0.092083,2.622,0.92185,0.92055,0.11902,25.051,8.9403,62.539,2.4649,0.20348,0.47044,-0.73816,0.97646,0.98195,0.99699
Sample(2)32,25.533,0.15601,0.98504,0.98504,756.48,0.28559,0.12733,0.098661,2.5267,0.9398,0.93896,0.12099,25.483,9.0325,64.583,2.4084,0.15601,0.39282,-0.78458,0.98066,0.98613,0.99769
Sample(2)33,25.437,0.097842,0.99054,0.99054,757.95,0.49637,0.087507,0.10597,2.4176,0.95771,0.95725,0.12101,25.357,9.0143,65.152,2.3388,0.097842,0.30299,-0.8367,0.98444,0.99039,0.99852
Sample(2)34,25.62,0.15714,0.98484,0.98484,759.86,-2.5529,0.14116,0.095669,2.5635,0.93152,0.93093,0.1215,25.548,9.0592,64.353,2.4423,0.15714,0.41893,-0.76565,0.97899,0.98448,0.99763
Sample(2)35,25.52,0.10506,0.98994,0.98994,761.91,-0.067052,0.093612,0.10542,2.4315,0.95459,0.95425,0.13092,25.448,9.0225,65.258,2.3532,0.10506,0.31577,-0.82824,0.98379,0.98971,0.99842
Sample(2)36,24.975,0.32945,0.96795,0.96795,745.27,1.2431,0.23769,0.083118,2.7677,0.89401,0.89007,0.11651,25.006,8.9443,61.622,2.5106,0.32945,0.60345,-0.66791,0.96834,0.97454,0.99514
Sample(2)37,25.361,0.10878,0.98956,0.98956,756.05,2.3958,0.097912,0.10368,2.4483,0.9525,0.95208,0.12262,25.293,8.9904,64.632,2.3642,0.10878,0.32723,-0.82213,0.98347,0.98923,0.99835
Sample(2)38,25.386,0.13662,0.98707,0.98707,782.61,-1.3295,0.12468,0.10068,2.5055,0.93927,0.9388,0.13185,25.311,8.9823,64.308,2.4013,0.13662,0.38529,-0.79038,0.9809,0.98627,0.99793
Sample(2)39,25.466,0.15303,0.98544,0.98544,763.87,-0.092978,0.1259,0.09917,2.5178,0.94035,0.93952,0.1232,25.405,9.0085,64.512,2.4019,0.15303,0.39014,-0.78865,0.98098,0.98628,0.99773
Sample(2)40,25.67,0.12179,0.98807,0.98807,746.76,-2.3469,0.11136,0.10084,2.4869,0.9457,0.94531,0.12147,25.597,9.0835,65.043,2.3939,0.12179,0.35652,-0.80329,0.9821,0.98773,0.99815
Sample(2)41,25.332,0.14077,0.98672,0.98672,780.23,1.0345,0.12643,0.10023,2.5173,0.93862,0.93811,0.12979,25.274,8.9675,64.052,2.4101,0.14077,0.38915,-0.78427,0.98038,0.9861,0.99788
Sample(2)42,25.541,0.2769,0.97389,0.97389,771.17,-1.1798,0.20845,0.087124,2.7024,0.90452,0.90209,0.12267,25.544,9.0282,63.652,2.4921,0.2769,0.55006,-0.69936,0.97227,0.97752,0.99594
Sample(2)43,25.552,0.12171,0.98839,0.98839,762.46,-0.22353,0.10833,0.10215,2.4786,0.94756,0.9471,0.12329,25.471,9.0266,64.96,2.385,0.12171,0.35057,-0.80626,0.98227,0.9881,0.99816
Sample(2)44,25.389,0.18766,0.98231,0.98231,773.83,0.20286,0.16173,0.094076,2.6043,0.92267,0.92159,0.12541,25.329,8.9844,63.631,2.4571,0.18766,0.46192,-0.74272,0.97668,0.9823,0.99718
Sample(2)45,25.373,0.17638,0.98302,0.98302,755.32,0.063025,0.13831,0.096928,2.5523,0.93522,0.93421,0.12015,25.325,9.0041,63.919,2.4219,0.17638,0.4157,-0.77222,0.97963,0.985,0.99742
Sample(2)46,25.373,0.10335,0.9902,0.9902,772.44,0.26369,0.093421,0.10475,2.4342,0.95471,0.95426,0.12168,25.301,8.9786,64.881,2.3528,0.10335,0.31713,-0.82915,0.98396,0.98972,0.99843
Sample(2)47,25.564,0.13212,0.98758,0.98758,779.71,-1.6185,0.11235,0.1023,2.4845,0.94635,0.94568,0.12384,25.492,9.014,65.109,2.3829,0.13212,0.36063,-0.80276,0.98197,0.98771,0.99802
Sample(2)48,25.386,0.11579,0.98912,0.98912,784.41,0.215,0.10937,0.10124,2.4818,0.94625,0.94594,0.12523,25.304,8.9714,64.448,2.3932,0.11579,0.35165,-0.806,0.98231,0.98792,0.99823
Sample(2)49,25.387,0.15529,0.9852,0.9852,758.38,1.0774,0.13501,0.097205,2.5434,0.93495,0.93428,0.12251,25.314,8.9931,63.971,2.4249,0.15529,0.4076,-0.77487,0.97976,0.9852,0.99768
Sample(2)50,25.389,0.17085,0.98412,0.98412,781.49,0.40875,0.14975,0.094428,2.5819,0.92797,0.92712,0.12151,25.347,8.9658,63.818,2.4484,0.17085,0.43801,-0.75753,0.9783,0.98358,0.99743
Sample(3)1,25.238,0.58751,0.94411,0.94411,742.63,-0.091398,0.378,0.067414,3.0128,0.838,0.83059,0.11081,25.385,9.0058,61.413,2.6045,0.58751,0.79976,-0.55045,0.94792,0.9601,0.99155
Sample(3)2,24.947,0.82165,0.92096,0.92096,718.96,0.076774,0.46395,0.060906,3.1318,0.81061,0.80018,0.10381,25.219,8.9801,60.279,2.6311,0.82165,0.90309,-0.49154,0.93279,0.95192,0.98857
Sample(3)3,25.338,0.59296,0.94307,0.94307,741.9,-1.4809,0.33661,0.073114,2.9457,0.86045,0.85396,0.11349,25.494,9.0391,62.058,2.5724,0.59296,0.74673,-0.58232,0.9545,0.96502,0.99186
Sample(3)4,25.272,0.66271,0.93585,0.93585,729.56,-0.068082,0.39819,0.065686,3.043,0.83236,0.82457,0.11059,25.464,9.0417,61.338,2.612,0.66271,0.82348,-0.53551,0.94444,0.95832,0.99071
Sample(3)5,25.318,0.59464,0.94311,0.94311,742.61,-1.9347,0.35619,0.071807,2.9578,0.85152,0.84393,0.11914,25.47,9.0309,62.103,2.566,0.59464,0.77678,-0.5764,0.95333,0.96278,0.99157
Sample(3)6,25.012,0.70622,0.93317,0.93317,736.47,1.5135,0.42797,0.06338,3.084,0.82051,0.81161,0.10685,25.228,8.9625,60.597,2.6246,0.70622,0.85965,-0.51571,0.93952,0.9552,0.98999
Sample(3)7,24.957,0.73933,0.93014,0.93014,737.05,2.2213,0.43324,0.063543,3.0911,0.8209,0.81142,0.10838,25.191,8.9521,60.522,2.62,0.73933,0.86876,-0.51253,0.93871,0.95487,0.98959
Sample(3)8,25.141,0.6318,0.94024,0.94024,742.31,0.24923,0.35405,0.071412,2.9715,0.85406,0.84713,0.11087,25.318,8.9823,61.464,2.5831,0.6318,0.76968,-0.57046,0.95219,0.96329,0.99134
Sample(3)9,24.897,0.78105,0.92598,0.92598,734.09,2.6591,0.45709,0.061202,3.1237,0.81111,0.80108,0.10646,25.144,8.947,60.199,2.6322,0.78105,0.894,-0.49676,0.93441,0.9524,0.98901
Sample(3)10,24.968,0.85601,0.91948,0.91948,731.6,2.1465,0.45575,0.062928,3.1138,0.81746,0.80731,0.10676,25.26,8.9623,60.588,2.6234,0.85601,0.89465,-0.50008,0.9352,0.95317,0.98831
Sample(3)11,24.988,0.74017,0.92941,0.92941,732.84,1.8456,0.42508,0.063998,3.0811,0.82437,0.81555,0.10745,25.215,8.9699,60.56,2.6195,0.74017,0.85714,-0.51779,0.94012,0.95581,0.98971
Sample(3)12,25.125,0.65165,0.93825,0.93825,744.38,-0.30422,0.40276,0.065197,3.0483,0.82875,0.82114,0.11007,25.314,8.9831,60.946,2.6198,0.65165,0.82654,-0.53293,0.94383,0.95768,0.99079
Sample(3)13,25.304,0.60249,0.9428,0.9428,742.38,0.40321,0.3912,0.065464,3.0335,0.83074,0.82378,0.11077,25.461,9.0199,61.415,2.6205,0.60249,0.8096,-0.54047,0.94565,0.95862,0.99138
Sample(3)14,25.235,0.56775,0.94589,0.94589,741.67,-0.1753,0.33628,0.073132,2.9423,0.8586,0.85234,0.11186,25.381,9.005,61.745,2.5764,0.56775,0.74602,-0.58215,0.95432,0.96485,0.99209
Sample(3)15,25.17,0.63244,0.94004,0.94004,741.52,-0.23205,0.37208,0.069349,2.9989,0.84452,0.83717,0.10968,25.343,8.9916,61.38,2.5949,0.63244,0.79352,-0.55566,0.94894,0.96117,0.99118
Sample(3)16,24.964,0.85087,0.91853,0.91853,729.52,0.78199,0.47639,0.05998,3.1505,0.80636,0.79549,0.10806,25.259,8.9816,60.331,2.6337,0.85087,0.91707,-0.48381,0.93064,0.9507,0.98818
Sample(3)17,25.063,0.75106,0.92774,0.92774,724.75,0.18603,0.43813,0.062894,3.0963,0.81866,0.80919,0.10712,25.297,8.9982,60.665,2.6241,0.75106,0.87311,-0.50771,0.93722,0.95437,0.98948
Sample(3)18,25.153,0.71854,0.93128,0.93128,728.69,-0.71222,0.41204,0.065728,3.0614,0.83119,0.82181,0.10877,25.377,9.0077,61.236,2.6012,0.71854,0.8471,-0.52705,0.94243,0.95722,0.98994
Sample(3)19,24.872,0.74437,0.92985,0.92985,745.84,1.72,0.43923,0.063051,3.0977,0.81787,0.80828,0.11112,25.106,8.9304,60.251,2.6238,0.74437,0.87482,-0.50868,0.93763,0.9542,0.98951
Sample(3)20,25.234,0.53938,0.9491,0.9491,747.61,-0.50739,0.35383,0.069131,2.9755,0.84536,0.83983,0.11009,25.361,8.9899,61.389,2.6076,0.53938,0.76084,-0.56777,0.95158,0.96249,0.99232
Sample(3)21,25.33,0.68141,0.93466,0.93466,731.92,-1.493,0.42307,0.063087,3.0806,0.82098,0.81238,0.10845,25.529,9.0458,61.394,2.6257,0.68141,0.85248,-0.51762,0.94004,0.95556,0.99029
Sample(3)22,25.321,0.60774,0.94211,0.94211,737.38,-1.8584,0.37816,0.066889,3.0145,0.83794,0.83137,0.10906,25.48,9.028,61.528,2.6139,0.60774,0.79444,-0.54997,0.94784,0.9602,0.99145
Sample(3)23,25.124,0.66137,0.93611,0.93611,721.82,0.5556,0.38723,0.066753,3.0278,0.83776,0.83038,0.10631,25.316,9.0063,60.986,2.6077,0.66137,0.80952,-0.54325,0.94629,0.95959,0.99084
Sample(3)24,25.255,0.62692,0.94017,0.94017,734.55,0.11891,0.40405,0.064736,3.05,0.82666,0.81878,0.10891,25.432,9.0175,61.246,2.6211,0.62692,0.82866,-0.53075,0.94318,0.95734,0.99099
Sample(3)25,25.156,0.78612,0.92573,0.92573,733.02,0.4469,0.44938,0.062278,3.1127,0.81548,0.80567,0.10639,25.405,9.0014,61.032,2.6258,0.78612,0.88627,-0.50254,0.93607,0.95334,0.98903
Sample(3)26,24.989,0.68835,0.9343,0.9343,728.46,1.963,0.41822,0.063863,3.0733,0.82442,0.81572,0.10683,25.187,8.9652,60.506,2.6218,0.68835,0.84898,-0.52112,0.94093,0.9562,0.99024
Sample(3)27,25.258,0.71221,0.93217,0.93217,731.45,-1.0031,0.40112,0.066394,3.0424,0.83465,0.82661,0.10715,25.471,9.0253,61.456,2.6092,0.71221,0.82816,-0.53633,0.94469,0.95839,0.99021
Sample(3)28,25.22,0.75519,0.92861,0.92861,738.53,-1.3901,0.44533,0.062086,3.108,0.81492,0.80549,0.111,25.459,9.0128,61.159,2.6287,0.75519,0.87949,-0.50468,0.93664,0.95355,0.98939
Sample(3)29,25.078,0.61366,0.94093,0.94093,733.36,1.1522,0.3973,0.064863,3.0456,0.82907,0.82151,0.10921,25.25,8.9866,60.706,2.6194,0.61366,0.8199,-0.53438,0.94419,0.95802,0.99118
Sample(3)30,25.172,0.61513,0.9415,0.9415,747.05,-0.62705,0.36202,0.069897,2.9861,0.84798,0.8412,0.11505,25.34,8.9938,61.383,2.593,0.61513,0.77871,-0.56327,0.95069,0.96219,0.99147
Sample(3)31,25.098,0.62078,0.94104,0.94104,742.87,1.1665,0.38423,0.067004,3.0206,0.83604,0.82918,0.11272,25.268,8.9764,60.929,2.6131,0.62078,0.80309,-0.54581,0.9468,0.9596,0.99125
Sample(3)32,25.016,0.78056,0.92564,0.92564,730.36,0.64882,0.44982,0.061864,3.1156,0.81492,0.80513,0.10904,25.272,8.9796,60.56,2.6277,0.78056,0.88646,-0.50115,0.93568,0.95325,0.98907
Sample(3)33,25.202,0.55754,0.94672,0.94672,741.05,-0.76899,0.3324,0.073049,2.9389,0.85992,0.85375,0.1118,25.341,8.9997,61.635,2.576,0.55754,0.74095,-0.58527,0.95504,0.96523,0.99222
Sample(3)34,25.214,0.57368,0.94526,0.94526,742.25,-0.30908,0.37751,0.066817,3.0137,0.83659,0.8296,0.11019,25.361,9.0024,61.238,2.611,0.57368,0.79633,-0.55038,0.94793,0.96003,0.99173
Sample(3)35,25.324,0.68268,0.93513,0.93513,741.66,-0.84324,0.40724,0.066357,3.038,0.83028,0.82171,0.11489,25.534,9.0341,61.748,2.6012,0.68268,0.83775,-0.5384,0.94517,0.95747,0.99035
Sample(3)36,24.998,0.62796,0.94013,0.94013,734.69,2.0768,0.39878,0.065064,3.0454,0.82959,0.82184,0.10752,25.174,8.9594,60.551,2.619,0.62796,0.82325,-0.53505,0.9444,0.95797,0.99102
Sample(3)37,25.148,0.60752,0.94216,0.94216,740.24,0.3628,0.36387,0.069671,2.9881,0.84693,0.83994,0.11119,25.314,8.989,61.291,2.5943,0.60752,0.78249,-0.56162,0.95028,0.96193,0.99148
Sample(3)38,25.158,0.73155,0.93025,0.93025,736.93,-0.094778,0.43872,0.062216,3.1039,0.81696,0.80756,0.10953,25.391,9.0067,60.939,2.6274,0.73155,0.87287,-0.50692,0.93727,0.95415,0.98965
Sample(3)39,25.172,0.68667,0.9341,0.9341,730.27,0.15319,0.4165,0.063743,3.0717,0.82464,0.81637,0.10742,25.372,9.0122,60.959,2.6243,0.68667,0.84472,-0.52188,0.94112,0.95637,0.9903
Sample(3)40,25.205,0.66787,0.93675,0.93675,738.59,0.58825,0.40649,0.06505,3.0536,0.82847,0.82047,0.10962,25.395,9.0022,61.203,2.6184,0.66787,0.83317,-0.53101,0.94342,0.95739,0.99058
Sample(3)41,24.888,1.0146,0.9035,0.9035,721.98,1.8615,0.51828,0.058168,3.1981,0.7976,0.78473,0.10601,25.26,8.9751,60.189,2.6368,1.0146,0.96598,-0.46141,0.92365,0.94716,0.98619
Sample(3)42,25.374,0.7034,0.93334,0.93334,741.93,-2.8481,0.41468,0.064988,3.0681,0.82806,0.81908,0.11307,25.586,9.0442,61.771,2.6122,0.7034,0.84774,-0.52416,0.94174,0.95677,0.99009
Sample(3)43,25.203,0.56375,0.94668,0.94668,750.83,-0.69654,0.36142,0.0687,2.9903,0.84418,0.83781,0.1148,25.343,8.9886,61.339,2.6045,0.56375,0.77572,-0.56158,0.95036,0.96184,0.99196
Sample(3)44,25.232,0.49921,0.95265,0.95265,750.86,0.33104,0.33928,0.070636,2.9563,0.8513,0.84541,0.11397,25.343,8.991,61.524,2.5929,0.49921,0.74767,-0.57772,0.95364,0.96392,0.99276
Sample(3)45,25.166,0.79966,0.9239,0.9239,738.46,-1.0437,0.45082,0.062642,3.1097,0.8163,0.80617,0.1139,25.429,9.0137,61.094,2.6201,0.79966,0.88975,-0.5039,0.93643,0.95331,0.98885
Sample(3)46,25.12,0.60747,0.94209,0.94209,740.44,1.6905,0.39926,0.064611,3.0465,0.82727,0.81985,0.10917,25.283,8.9843,60.839,2.6228,0.60747,0.82049,-0.53416,0.94415,0.95773,0.99124
Sample(3)47,25.378,0.52606,0.94933,0.94933,736.2,-1.1845,0.30574,0.076317,2.8942,0.87237,0.86654,0.11085,25.502,9.0444,62.375,2.553,0.52606,0.70472,-0.60747,0.95914,0.96813,0.99271
Sample(3)48,25.435,0.59449,0.94287,0.94287,733.97,-2.2411,0.3856,0.065793,3.0272,0.83346,0.8265,0.10834,25.59,9.0618,61.745,2.6177,0.59449,0.80447,-0.54374,0.94642,0.95923,0.99148
Sample(3)49,25.494,0.52746,0.94991,0.94991,752.14,-2.6022,0.3299,0.072459,2.938,0.85839,0.85272,0.11415,25.617,9.0537,62.409,2.5826,0.52746,0.73541,-0.58663,0.95537,0.96526,0.99256
Sample(3)50,25.13,0.58035,0.94455,0.94455,741.58,0.54063,0.3251,0.074553,2.9252,0.8658,0.85953,0.11338,25.28,8.986,61.59,2.5642,0.58035,0.73077,-0.59274,0.95651,0.96628,0.99206
Sample(4)1,25.305,0.53864,0.94837,0.94837,747.91,-0.1005,0.31195,0.07592,2.8905,0.86799,0.863,0.11654,25.436,9.0241,62.115,2.5596,0.53864,0.70676,-0.60799,0.95913,0.96743,0.99268
Sample(4)2,25.431,0.32461,0.96912,0.96912,759.01,-0.96508,0.21253,0.086904,2.719,0.90636,0.90354,0.1167,25.456,9.0195,63.262,2.4954,0.32461,0.55566,-0.69226,0.97149,0.97745,0.99542
Sample(4)3,25.256,0.39016,0.96327,0.96327,767.49,0.70851,0.24777,0.082864,2.7837,0.89241,0.88867,0.11829,25.303,8.9755,62.551,2.5183,0.39016,0.61472,-0.66098,0.96745,0.97383,0.99451
Sample(4)4,25.372,0.33689,0.96785,0.96785,756.67,-0.090312,0.22088,0.086268,2.728,0.90308,0.89997,0.11818,25.422,9.0115,63.093,2.4943,0.33689,0.57086,-0.68773,0.97092,0.97658,0.99522
Sample(4)5,25.209,0.33009,0.96863,0.96863,761.86,1.2688,0.21956,0.086043,2.728,0.90293,0.90003,0.12127,25.225,8.9694,62.609,2.4969,0.33009,0.56783,-0.688,0.97098,0.97666,0.99532
Sample(4)6,25.341,0.35718,0.96595,0.96595,757.22,0.60883,0.22045,0.087176,2.7185,0.90472,0.90149,0.11914,25.383,9.0055,63.165,2.483,0.35718,0.56895,-0.69154,0.97134,0.97678,0.99505
Sample(4)7,25.238,0.37688,0.96403,0.96403,741.29,2.6902,0.24832,0.082883,2.7824,0.8908,0.88732,0.11852,25.298,8.9862,62.354,2.5227,0.37688,0.61482,-0.65856,0.96691,0.97365,0.99465
Sample(4)8,25.293,0.31531,0.97,0.97,755.96,1.3791,0.20848,0.087773,2.7049,0.9081,0.9053,0.11845,25.295,8.9881,62.986,2.4855,0.31531,0.54917,-0.69885,0.97226,0.97786,0.99552
Sample(4)9,25.391,0.26591,0.97452,0.97452,760.07,-0.10258,0.17966,0.092329,2.6289,0.92043,0.91802,0.12374,25.362,9.0125,63.809,2.4394,0.26591,0.49839,-0.73538,0.97621,0.98088,0.99619
Sample(4)10,25.461,0.26258,0.97481,0.97481,745.35,0.34765,0.19095,0.089058,2.6737,0.91326,0.91115,0.11723,25.447,9.0292,63.442,2.4823,0.26258,0.51791,-0.7136,0.97392,0.97949,0.99618
Sample(4)11,25.744,0.17035,0.98097,0.98097,524.03,14.082,0.13108,0.12731,2.348,0.93957,0.9382,0.23715,25.698,9.2421,67.076,2.2175,0.17035,0.40325,-0.76941,0.97312,0.98583,0.99748
Sample(4)12,25.684,0.24496,0.9728,0.9728,524.62,13.692,0.16177,0.12633,2.4037,0.92876,0.92661,0.24535,25.661,9.2312,66.737,2.2332,0.24496,0.46314,-0.73745,0.96937,0.98283,0.99652
Sample(4)13,25.838,0.20931,0.97675,0.97675,524.49,12.483,0.14464,0.12895,2.3638,0.93551,0.93363,0.24715,25.784,9.261,67.486,2.2119,0.20931,0.43026,-0.75923,0.97192,0.98456,0.99698
Sample(4)14,25.179,0.35253,0.96672,0.96672,763.88,1.7771,0.22551,0.086592,2.7205,0.90186,0.89858,0.12271,25.23,8.9576,62.759,2.4823,0.35253,0.57819,-0.69114,0.97133,0.97616,0.99502
Sample(4)15,25.327,0.41877,0.96023,0.96023,756.08,0.40521,0.2556,0.082338,2.7901,0.8899,0.88613,0.11724,25.4,9.0049,62.711,2.5185,0.41877,0.62484,-0.65749,0.96694,0.97312,0.99421
Sample(4)16,25.969,0.2484,0.97221,0.97221,521.62,11.056,0.16762,0.12524,2.4117,0.92562,0.92348,0.24747,25.957,9.3004,67.516,2.2371,0.2484,0.4748,-0.73415,0.96906,0.98216,0.99645
Sample(4)17,27.074,0.12815,0.98084,0.98084,303.73,20.359,0.10145,0.19604,2.0146,0.95281,0.95183,0.37028,26.995,9.7558,74.753,1.9134,0.12815,0.33705,-0.79259,0.96389,0.989,0.9981
Sample(4)18,25.345,0.2639,0.97468,0.97468,760.04,0.65485,0.18491,0.091465,2.6416,0.91721,0.91484,0.12497,25.347,9.0037,63.543,2.4489,0.2639,0.50856,-0.72814,0.97541,0.98023,0.99618
Sample(4)19,25.254,0.38026,0.9643,0.9643,770.01,0.16702,0.23103,0.085677,2.7496,0.9008,0.89737,0.1189,25.306,8.9705,62.769,2.5019,0.38026,0.58587,-0.67679,0.96951,0.97573,0.99473
Sample(4)20,25.24,0.36396,0.96547,0.96547,760.61,0.80471,0.23153,0.085684,2.7361,0.8991,0.89587,0.12024,25.277,8.9781,62.74,2.4955,0.36396,0.58665,-0.68294,0.97027,0.97553,0.99489
Sample(4)21,25.364,0.26128,0.97523,0.97523,758.8,0.673,0.19126,0.088968,2.6717,0.9127,0.91074,0.11728,25.354,8.9935,63.209,2.4839,0.26128,0.51737,-0.7148,0.97406,0.97943,0.99621
Sample(4)22,25.071,0.59805,0.94345,0.94345,738.79,2.2825,0.34419,0.073427,2.9397,0.85526,0.84933,0.12168,25.229,8.9628,61.338,2.5764,0.59805,0.75188,-0.58111,0.95394,0.96411,0.99185
Sample(4)23,25.324,0.29336,0.97178,0.97178,753.08,0.39922,0.19527,0.089862,2.6629,0.91355,0.91109,0.12278,25.332,9.0052,63.328,2.4605,0.29336,0.52506,-0.71865,0.97445,0.97924,0.99584
Sample(4)24,25.212,0.42564,0.96005,0.96005,766.32,1.2329,0.25319,0.083188,2.7885,0.89249,0.88831,0.11853,25.291,8.9661,62.529,2.5128,0.42564,0.62298,-0.65802,0.967,0.97349,0.99412
Sample(4)25,26.918,0.15736,0.97651,0.97651,304.59,21.05,0.11659,0.19581,2.0367,0.94694,0.94558,0.3733,26.856,9.7258,74.199,1.918,0.15736,0.37115,-0.77831,0.96201,0.98746,0.99769
Sample(4)26,25.455,0.34281,0.96747,0.96747,761.19,-1.2692,0.21859,0.087233,2.712,0.90469,0.9016,0.12142,25.486,9.0236,63.55,2.4803,0.34281,0.56608,-0.6955,0.97187,0.97689,0.99519
Sample(4)27,25.715,0.22959,0.97447,0.97447,525.06,13.516,0.14253,0.12998,2.3589,0.93859,0.93644,0.24561,25.696,9.2377,67.252,2.2022,0.22959,0.42277,-0.76081,0.97202,0.98499,0.99678
Sample(4)28,25.757,0.19651,0.97779,0.97779,517.71,13.412,0.1359,0.12823,2.3516,0.93935,0.93763,0.24055,25.698,9.2588,67.191,2.2094,0.19651,0.41163,-0.76863,0.97312,0.98549,0.99717
Sample(4)29,25.983,0.17829,0.97989,0.97989,513.55,12.35,0.13712,0.12335,2.3732,0.93664,0.93531,0.22497,25.942,9.3036,67.469,2.2385,0.17829,0.41531,-0.76041,0.97245,0.98518,0.99737
Sample(4)30,25.781,0.15368,0.98282,0.98282,524.62,13.813,0.1234,0.12811,2.3329,0.94233,0.9412,0.23711,25.703,9.2489,67.25,2.2123,0.15368,0.38698,-0.7774,0.97395,0.9866,0.99771
Sample(4)31,25.354,0.38345,0.96286,0.96286,738.29,0.31684,0.24283,0.083123,2.771,0.89432,0.89081,0.11562,25.406,9.0297,62.747,2.5118,0.38345,0.60594,-0.66702,0.96826,0.97435,0.99463
Sample(4)32,25.334,0.42751,0.95958,0.95958,756.33,-0.19324,0.25971,0.082199,2.7928,0.88832,0.88447,0.11674,25.404,9.0021,62.762,2.5184,0.42751,0.63113,-0.65611,0.96674,0.97271,0.9941
Sample(4)33,25.265,0.34985,0.96699,0.96699,763.39,0.14058,0.22558,0.086205,2.7336,0.9014,0.89819,0.12009,25.3,8.9756,62.864,2.4936,0.34985,0.57834,-0.68467,0.97052,0.97612,0.99507
Sample(4)34,26.95,0.15303,0.97722,0.97722,305.31,21.111,0.11337,0.19624,2.0296,0.94846,0.9471,0.37287,26.866,9.73,74.375,1.9137,0.15303,0.36389,-0.78287,0.96262,0.9878,0.99775
Sample(4)35,25.359,0.27784,0.97342,0.97342,754.48,-0.041645,0.19048,0.090235,2.6639,0.91509,0.9127,0.11759,25.361,9.005,63.36,2.4678,0.27784,0.51747,-0.71824,0.97442,0.97969,0.99601
Sample(4)36,25.236,0.30346,0.97156,0.97156,778,0.19337,0.20096,0.089405,2.683,0.91147,0.90876,0.12817,25.242,8.956,63.061,2.4733,0.30346,0.53601,-0.70951,0.97348,0.97866,0.99568
Sample(4)37,25.426,0.27823,0.97304,0.97304,740.49,0.4094,0.18006,0.091938,2.6501,0.92119,0.91865,0.11806,25.422,9.0346,63.665,2.4539,0.27823,0.49862,-0.72521,0.97517,0.98093,0.99607
Sample(4)38,25.42,0.35155,0.96627,0.96627,751.98,-0.73598,0.21389,0.088614,2.6967,0.90817,0.90502,0.12217,25.451,9.0297,63.545,2.4684,0.35155,0.55673,-0.70141,0.97247,0.97753,0.99512
Sample(4)39,25.102,0.41505,0.96137,0.96137,772.26,1.6345,0.25608,0.082633,2.7916,0.88933,0.88565,0.11983,25.172,8.9304,62.134,2.5225,0.41505,0.62515,-0.65603,0.96668,0.97304,0.99424
Sample(4)40,25.369,0.3399,0.96752,0.96752,747.73,1.1524,0.21271,0.087472,2.716,0.90761,0.90463,0.11777,25.398,9.0125,63.152,2.4886,0.3399,0.5554,-0.69308,0.97155,0.97756,0.99527
Sample(4)41,25.547,0.32362,0.96891,0.96891,749.18,-1.1529,0.20722,0.087895,2.7087,0.90947,0.90656,0.11793,25.57,9.0565,63.663,2.4861,0.32362,0.54696,-0.69714,0.97206,0.97808,0.99546
Sample(4)42,25.471,0.24188,0.97684,0.97684,755.75,-0.6739,0.17178,0.09298,2.6213,0.92254,0.92051,0.1231,25.462,9.0269,63.968,2.4447,0.24188,0.48377,-0.73883,0.97654,0.9816,0.9965
Sample(4)43,25.315,0.36668,0.96535,0.96535,761.45,-0.3136,0.22575,0.086947,2.7215,0.90281,0.89949,0.12002,25.36,8.9907,63.122,2.4848,0.36668,0.57694,-0.6904,0.97122,0.97625,0.99488
Sample(4)44,25.353,0.36004,0.96598,0.96598,764.38,-0.35092,0.22413,0.086447,2.7315,0.9029,0.89973,0.12188,25.386,8.9981,63.118,2.4934,0.36004,0.57433,-0.68579,0.97067,0.97638,0.99498
Sample(4)45,25.262,0.43755,0.95899,0.95899,772.72,-0.15615,0.26824,0.080691,2.8205,0.88448,0.88046,0.12172,25.35,8.977,62.392,2.5354,0.43755,0.6446,-0.64276,0.9648,0.97178,0.99393
Sample(4)46,25.415,0.26022,0.97515,0.97515,766.4,-0.88549,0.18115,0.092381,2.6332,0.91887,0.91664,0.12827,25.411,9.0133,63.803,2.4466,0.26022,0.50096,-0.7314,0.9757,0.98064,0.99625
Sample(4)47,25.881,0.22666,0.97469,0.97469,522.94,11.76,0.15658,0.12705,2.392,0.93029,0.92821,0.24842,25.844,9.2773,67.399,2.2263,0.22666,0.45459,-0.74427,0.97022,0.98329,0.99673
Sample(4)48,25.477,0.26418,0.97475,0.97475,762.28,-1.7562,0.17205,0.093635,2.6174,0.92444,0.92214,0.12471,25.482,9.0284,64.139,2.4346,0.26418,0.48272,-0.74093,0.97676,0.98176,0.99627
Sample(4)49,25.776,0.2191,0.97564,0.97564,523.94,13.139,0.15434,0.12663,2.3894,0.93081,0.92885,0.24469,25.724,9.2495,67.045,2.2298,0.2191,0.4504,-0.74644,0.97054,0.98349,0.99682
Sample(4)50,25.344,0.39006,0.96307,0.96307,760.76,-0.84662,0.23981,0.084751,2.7487,0.89633,0.89291,0.12237,25.402,9.002,63.046,2.497,0.39006,0.59957,-0.67759,0.96964,0.97475,0.99461
Sample(5)1,25.062,0.88545,0.9152,0.9152,723.75,-0.36739,0.50042,0.057588,3.1875,0.79672,0.78501,0.10686,25.367,9.0075,60.477,2.6451,0.88545,0.94209,-0.46614,0.92516,0.94818,0.9876
Sample(5)2,25.013,0.72459,0.93072,0.93072,731.18,1.2554,0.40593,0.066304,3.0532,0.83438,0.82548,0.10862,25.239,8.9769,60.813,2.6036,0.72459,0.83838,-0.53143,0.94354,0.95797,0.98996
Sample(5)3,25.239,0.95725,0.90788,0.90788,710.8,-2.1172,0.5008,0.058679,3.1818,0.80238,0.79022,0.10186,25.577,9.0602,61.106,2.6352,0.95725,0.94686,-0.46938,0.92625,0.94874,0.98689
Sample(5)4,25.298,0.96038,0.90901,0.90901,727.2,-2.4949,0.49704,0.059557,3.1768,0.80503,0.79264,0.10647,25.641,9.0555,61.442,2.6296,0.96038,0.94462,-0.47162,0.92694,0.94922,0.98687
Sample(5)5,25.057,0.82981,0.92021,0.92021,724.53,-1.52,0.46558,0.060774,3.1376,0.81078,0.80014,0.11034,25.332,9.0048,60.623,2.6289,0.82981,0.90624,-0.49034,0.9326,0.95182,0.98844
Sample(5)6,25.337,0.56492,0.94596,0.94596,735.92,-1.2241,0.33288,0.073601,2.9376,0.86114,0.85443,0.10912,25.475,9.0317,62.135,2.5669,0.56492,0.74436,-0.58581,0.95514,0.96527,0.99209
Sample(5)7,24.924,0.9586,0.90841,0.90841,720.77,1.0024,0.5019,0.058766,3.1823,0.80163,0.7895,0.10484,25.261,8.9821,60.252,2.6357,0.9586,0.94756,-0.46903,0.92612,0.94861,0.98689
Sample(5)8,25.084,0.94238,0.90947,0.90947,717.62,-1.6719,0.50265,0.058084,3.1878,0.79971,0.78782,0.10665,25.412,9.0224,60.605,2.6405,0.94238,0.94667,-0.46639,0.92528,0.94838,0.98705
Sample(5)9,24.739,1.2087,0.88527,0.88527,708.77,0.30072,0.57494,0.054909,3.2693,0.78366,0.76819,0.10494,25.202,8.9612,59.753,2.6453,1.2087,1.0268,-0.42709,0.91136,0.94213,0.98376
Sample(5)10,25.12,0.75398,0.92898,0.92898,742.9,-0.8909,0.43345,0.063568,3.0931,0.82147,0.81217,0.1119,25.362,8.9862,60.991,2.6214,0.75398,0.8681,-0.51169,0.9385,0.95496,0.98947
Sample(5)11,25.066,1.0742,0.8971,0.8971,712.25,-1.5258,0.52973,0.057381,3.2178,0.79633,0.78287,0.10482,25.463,9.0297,60.668,2.6372,1.0742,0.97904,-0.45197,0.92046,0.94631,0.9855
Sample(5)12,24.903,1.2216,0.88334,0.88334,707.94,-1.7321,0.59584,0.053139,3.2966,0.77372,0.75743,0.1049,25.376,9.0061,60.114,2.6507,1.2216,1.0463,-0.41273,0.9055,0.93978,0.98347
Sample(5)13,25.191,0.51353,0.95148,0.95148,753.48,1.7885,0.32861,0.072687,2.9344,0.85815,0.8525,0.11333,25.307,8.979,61.586,2.5811,0.51353,0.73409,-0.58829,0.95568,0.9653,0.9927
Sample(5)14,25.005,0.92893,0.91182,0.91182,721.05,-0.9435,0.47964,0.061014,3.1517,0.81206,0.80024,0.10643,25.328,8.9894,60.643,2.6253,0.92893,0.92591,-0.48308,0.93041,0.95102,0.98729
Sample(5)15,24.923,1.0784,0.89669,0.89669,706.3,1.5466,0.54928,0.055502,3.2442,0.78705,0.77279,0.10103,25.317,8.9985,60.154,2.6459,1.0784,0.99899,-0.439,0.91583,0.94407,0.98524
Sample(5)16,25.244,0.76249,0.92784,0.92784,737.16,-1.3673,0.43635,0.063322,3.0968,0.82077,0.81126,0.11037,25.486,9.0205,61.314,2.6217,0.76249,0.87224,-0.50964,0.93794,0.95469,0.98936
Sample(5)17,25.027,0.8478,0.91933,0.91933,726.46,0.52987,0.46904,0.060832,3.1415,0.81053,0.79974,0.10563,25.307,8.988,60.586,2.6308,0.8478,0.91043,-0.48763,0.93173,0.95157,0.98822
Sample(5)18,24.842,1.2125,0.88488,0.88488,708.56,0.68104,0.59778,0.052752,3.2986,0.77223,0.75604,0.09921,25.31,8.985,59.915,2.6554,1.2125,1.0472,-0.41291,0.9057,0.93949,0.9835
Sample(5)19,25.026,1.0974,0.89552,0.89552,714.91,-0.59066,0.56249,0.05442,3.2608,0.78134,0.76676,0.10154,25.436,9.0161,60.419,2.6515,1.0974,1.0108,-0.43169,0.91317,0.94267,0.98496
Sample(5)20,25.027,0.99594,0.90479,0.90479,710.4,-0.068692,0.53425,0.055763,3.227,0.78816,0.77487,0.10064,25.38,9.0099,60.372,2.65,0.99594,0.98026,-0.44671,0.91854,0.94514,0.98619
Sample(5)21,25.066,0.53529,0.94864,0.94864,742.92,0.48587,0.30032,0.078171,2.8806,0.87716,0.87072,0.11492,25.192,8.9716,61.765,2.5331,0.53529,0.69866,-0.61426,0.96032,0.96889,0.9926
Sample(5)22,25.231,0.61375,0.94143,0.94143,741.39,-1.0748,0.36912,0.0689,3.0007,0.84483,0.83757,0.11357,25.393,9.0108,61.487,2.5965,0.61375,0.78997,-0.55641,0.94924,0.96137,0.99137
Sample(5)23,25.16,0.59905,0.94237,0.94237,734.74,0.62191,0.36679,0.068751,2.9973,0.84446,0.83758,0.10973,25.322,9.0028,61.198,2.599,0.59905,0.78511,-0.55751,0.94943,0.96151,0.99155
Sample(5)24,25.128,0.67265,0.93553,0.93553,732.17,0.13234,0.40334,0.06574,3.0498,0.83095,0.82276,0.10756,25.32,8.9993,60.995,2.6118,0.67265,0.83148,-0.53144,0.9434,0.95782,0.99053
Sample(5)25,25.068,1.063,0.89878,0.89878,712.35,-1.4919,0.56061,0.054166,3.258,0.77978,0.76539,0.10344,25.462,9.0219,60.483,2.6546,1.063,1.0072,-0.43191,0.91314,0.94261,0.98529
Sample(5)26,25.089,0.76437,0.92729,0.92729,737.47,0.25972,0.43762,0.063231,3.0989,0.82036,0.81073,0.11153,25.332,8.9923,60.861,2.6203,0.76437,0.87416,-0.50892,0.93777,0.95456,0.98933
Sample(5)27,25.485,0.58,0.9448,0.9448,739.29,-2.0773,0.33997,0.072539,2.9501,0.8579,0.85136,0.11066,25.631,9.0601,62.487,2.5753,0.58,0.75197,-0.5808,0.95425,0.96453,0.99192
Sample(5)28,25.086,0.74078,0.92949,0.92949,733.45,-0.29959,0.42921,0.063674,3.0879,0.82302,0.81371,0.11036,25.317,8.9896,60.852,2.6192,0.74078,0.86413,-0.51456,0.93929,0.95536,0.98962
Sample(5)29,24.924,1.2334,0.8834,0.8834,712.88,-1.1947,0.58419,0.054593,3.2782,0.78077,0.76492,0.10561,25.395,9.0004,60.309,2.6454,1.2334,1.036,-0.42252,0.90955,0.94125,0.98344
Sample(5)30,25.01,0.94907,0.90983,0.90983,723.44,0.35366,0.49926,0.058926,3.1797,0.80229,0.7903,0.10475,25.343,8.9936,60.521,2.6361,0.94907,0.94449,-0.47055,0.92663,0.94884,0.987
Sample(5)31,25.176,0.56014,0.94643,0.94643,740.29,0.97484,0.32257,0.075219,2.9177,0.86602,0.85968,0.11076,25.313,8.995,61.788,2.5581,0.56014,0.72894,-0.59503,0.95684,0.96643,0.99224
Sample(5)32,25.057,0.60267,0.94234,0.94234,739.81,0.35597,0.36912,0.068786,3.0006,0.8438,0.83667,0.11497,25.216,8.9738,60.952,2.5982,0.60267,0.78923,-0.55564,0.949,0.96127,0.99148
Sample(5)33,25.015,0.87428,0.91725,0.91725,736.26,-0.57207,0.46023,0.06307,3.127,0.81873,0.80714,0.11071,25.313,8.9822,60.853,2.6106,0.87428,0.90605,-0.49564,0.93414,0.95287,0.98796
Sample(5)34,25.108,1.0433,0.90077,0.90077,713.98,-0.50008,0.52952,0.057161,3.2164,0.79392,0.7807,0.10205,25.49,9.0273,60.754,2.6422,1.0433,0.97743,-0.45174,0.92029,0.94607,0.9858
Sample(5)35,25.055,1.0775,0.8971,0.8971,707.58,0.069572,0.54723,0.055785,3.2416,0.78824,0.77384,0.10111,25.446,9.024,60.581,2.6431,1.0775,0.99795,-0.44033,0.91632,0.94431,0.98526
Sample(5)36,25.323,0.70726,0.93253,0.93253,732.3,-0.96667,0.41141,0.064953,3.0642,0.82961,0.821,0.10754,25.533,9.0411,61.551,2.6152,0.70726,0.84241,-0.52595,0.94218,0.95717,0.99011
Sample(5)37,25.136,0.98368,0.90723,0.90723,725.1,-1.7328,0.52605,0.0566,3.2166,0.79142,0.77835,0.10549,25.486,9.0168,60.801,2.6468,0.98368,0.97256,-0.45272,0.92074,0.946,0.98639
Sample(5)38,25.223,0.63604,0.93926,0.93926,732.01,-1.2142,0.37076,0.069308,2.9973,0.84556,0.83826,0.11073,25.4,9.0121,61.514,2.593,0.63604,0.79174,-0.55773,0.94949,0.96136,0.99114
Sample(5)39,24.807,1.1871,0.88629,0.88629,698.91,0.94278,0.59542,0.052265,3.299,0.77143,0.75542,0.098654,25.259,8.9846,59.726,2.6573,1.1871,1.0438,-0.4128,0.90566,0.93956,0.98377
Sample(5)40,24.79,1.1806,0.88785,0.88785,713.29,1.2812,0.55588,0.056763,3.2437,0.79146,0.77654,0.10133,25.236,8.9703,59.999,2.6358,1.1806,1.0084,-0.43894,0.91578,0.94414,0.98421
Sample(5)41,25.193,0.5484,0.94684,0.94684,732.16,-0.17496,0.31131,0.076399,2.9023,0.87208,0.86548,0.11086,25.324,9.013,61.927,2.5444,0.5484,0.7148,-0.60371,0.95849,0.96769,0.99239
Sample(5)42,25.379,0.68792,0.93454,0.93454,733.67,-1.3829,0.39869,0.066493,3.0422,0.83474,0.82656,0.10866,25.582,9.0484,61.82,2.6072,0.68792,0.82691,-0.53622,0.94464,0.9585,0.99041
Sample(5)43,24.829,0.95385,0.9101,0.9101,732.05,1.1431,0.51119,0.057963,3.1959,0.79667,0.78424,0.1093,25.166,8.9444,60,2.641,0.95385,0.95683,-0.46289,0.92418,0.94749,0.98683
Sample(5)44,25.041,0.74565,0.92822,0.92822,726.76,-0.41942,0.42811,0.063631,3.0881,0.82393,0.81461,0.11037,25.276,8.9933,60.67,2.6183,0.74565,0.86313,-0.51418,0.93916,0.95552,0.98959
Sample(5)45,25.046,0.58784,0.94392,0.94392,744.82,1.0479,0.3446,0.072485,2.9578,0.85631,0.84943,0.11619,25.202,8.9665,61.234,2.5743,0.58784,0.75935,-0.57584,0.95318,0.96406,0.9918
Sample(5)46,25.157,0.66667,0.93719,0.93719,748.6,-0.05399,0.3816,0.068992,3.0126,0.84245,0.83455,0.11382,25.349,8.9852,61.413,2.5938,0.66667,0.80689,-0.54954,0.94763,0.96034,0.99075
Sample(5)47,25.366,0.7948,0.92383,0.92383,725.39,-1.7024,0.45072,0.061922,3.1173,0.81589,0.80582,0.10627,25.622,9.0656,61.54,2.6262,0.7948,0.88914,-0.49997,0.93532,0.95327,0.9889
Sample(5)48,25.138,0.82655,0.92224,0.92224,737.81,-0.56989,0.45303,0.062543,3.1177,0.81722,0.80682,0.10983,25.406,8.997,61.072,2.6221,0.82655,0.89334,-0.50033,0.93547,0.95327,0.98858
Sample(5)49,25.189,0.69093,0.93407,0.93407,737.76,0.48488,0.39504,0.067175,3.0374,0.83724,0.82891,0.11003,25.393,9.0098,61.333,2.6017,0.69093,0.82387,-0.53842,0.94516,0.95896,0.9904
Sample(5)50,25.134,0.76808,0.92712,0.92712,734.38,-1.3496,0.43729,0.063232,3.1004,0.82098,0.81128,0.10956,25.38,8.9997,61.002,2.6205,0.76808,0.87423,-0.50806,0.93752,0.95464,0.98928
Sample(6)1,25.399,0.24088,0.97705,0.97705,759.46,-0.16613,0.17321,0.092027,2.6417,0.92174,0.91958,0.11707,25.383,9.0047,63.62,2.4574,0.24088,0.48785,-0.72945,0.97563,0.98142,0.99651
Sample(6)2,25.422,0.17299,0.98326,0.98326,744,0.2154,0.13093,0.098693,2.542,0.93977,0.93842,0.12104,25.36,9.0201,64.236,2.4067,0.17299,0.40268,-0.77679,0.97999,0.98587,0.99747
Sample(6)3,25.422,0.17034,0.98361,0.98361,754.57,-0.78728,0.12842,0.098998,2.5355,0.94094,0.93963,0.11821,25.37,9.0135,64.317,2.4026,0.17034,0.39713,-0.78059,0.98034,0.98614,0.99751
Sample(6)4,25.481,0.18426,0.98245,0.98245,760.52,-0.64617,0.14349,0.096219,2.5723,0.9334,0.93202,0.11822,25.434,9.0164,64.228,2.4273,0.18426,0.42893,-0.76274,0.97881,0.98446,0.99729
Sample(6)5,25.369,0.16697,0.9842,0.9842,768.48,-0.5258,0.12576,0.099616,2.5283,0.94222,0.94092,0.12189,25.31,8.9822,64.314,2.3982,0.16697,0.39142,-0.78402,0.98063,0.98643,0.99756
Sample(6)6,25.471,0.1855,0.98239,0.98239,767.8,-0.88199,0.13436,0.098617,2.5473,0.93917,0.93755,0.11991,25.421,9.0107,64.534,2.4035,0.1855,0.40995,-0.77481,0.97986,0.98558,0.9973
Sample(6)7,25.136,0.26545,0.97516,0.97516,772.84,1.5565,0.1875,0.090536,2.6736,0.91628,0.91356,0.12246,25.118,8.9277,62.828,2.4686,0.26545,0.51575,-0.71315,0.97384,0.97995,0.99614
Sample(6)8,25.484,0.16871,0.98393,0.98393,763.13,-1.1798,0.13095,0.098434,2.5407,0.93929,0.93802,0.12028,25.428,9.0151,64.495,2.4074,0.16871,0.40294,-0.7781,0.98014,0.98583,0.99752
Sample(6)9,25.399,0.22787,0.97841,0.97841,766.16,-0.32424,0.16285,0.09389,2.615,0.92649,0.92445,0.12236,25.375,8.9967,63.868,2.4405,0.22787,0.46801,-0.74223,0.9769,0.98254,0.99671
Sample(6)10,25.338,0.2008,0.98112,0.98112,773.1,0.14406,0.13864,0.09824,2.5552,0.93782,0.93619,0.12207,25.297,8.9708,64.14,2.4085,0.2008,0.41716,-0.77083,0.97951,0.98519,0.99713
Sample(6)11,25.406,0.18798,0.98199,0.98199,755.98,-0.79337,0.14208,0.09667,2.5685,0.93468,0.93316,0.11784,25.371,9.007,64.068,2.4206,0.18798,0.42649,-0.76468,0.97899,0.98467,0.99725
Sample(6)12,25.335,0.20234,0.98068,0.98068,757.59,-0.25086,0.15572,0.094057,2.6036,0.92808,0.92647,0.1171,25.292,8.989,63.568,2.4446,0.20234,0.45379,-0.74786,0.97745,0.98316,0.99702
Sample(6)13,25.386,0.21009,0.97995,0.97995,758.67,0.16643,0.15606,0.094641,2.6042,0.92899,0.92701,0.11802,25.354,9.0005,63.844,2.4355,0.21009,0.45587,-0.74743,0.9774,0.9832,0.99692
Sample(6)14,25.403,0.19893,0.98106,0.98106,761.79,-0.48962,0.15069,0.09536,2.5904,0.93095,0.92921,0.11797,25.376,9.0003,63.947,2.4322,0.19893,0.44458,-0.75406,0.97802,0.98374,0.99707
Sample(6)15,25.347,0.17384,0.98353,0.98353,767.83,0.49104,0.12498,0.10025,2.5229,0.9433,0.94191,0.1198,25.298,8.9794,64.338,2.3911,0.17384,0.38891,-0.78646,0.98081,0.98659,0.99749
Sample(6)16,25.356,0.19492,0.98141,0.98141,761.55,0.14001,0.14438,0.096594,2.5741,0.93425,0.93248,0.11959,25.319,8.9913,63.964,2.4196,0.19492,0.43188,-0.76211,0.97876,0.98446,0.99715
Sample(6)17,25.367,0.19542,0.98132,0.98132,758.63,0.14002,0.14601,0.096395,2.5765,0.93336,0.93166,0.11903,25.317,8.9963,63.94,2.4229,0.19542,0.43474,-0.76061,0.97861,0.98427,0.99713
Sample(6)18,25.356,0.17397,0.98346,0.98346,766,0.1216,0.13463,0.097936,2.5515,0.93786,0.93641,0.12206,25.303,8.9854,64.079,2.4112,0.17397,0.41154,-0.77286,0.9797,0.98544,0.99743
Sample(6)19,25.371,0.16614,0.98414,0.98414,759.25,0.30362,0.12909,0.098842,2.5364,0.94022,0.93893,0.11893,25.316,8.9926,64.189,2.4042,0.16614,0.39928,-0.78002,0.98029,0.98603,0.99755
Sample(6)20,25.427,0.20241,0.98077,0.98077,764.15,-0.64077,0.15257,0.095071,2.5956,0.93011,0.92837,0.11804,25.396,9.0037,63.993,2.4349,0.20241,0.44816,-0.75147,0.97777,0.98355,0.99703
Sample(6)21,25.371,0.20326,0.98068,0.98068,759.65,0.1258,0.1511,0.095367,2.591,0.93094,0.92925,0.11888,25.335,8.9915,63.861,2.4325,0.20326,0.44467,-0.7537,0.97798,0.98373,0.99703
Sample(6)22,25.342,0.18685,0.98233,0.98233,771.26,-0.46096,0.13993,0.097365,2.5652,0.93611,0.93444,0.12366,25.302,8.9777,64.013,2.4159,0.18685,0.42266,-0.7662,0.97911,0.98492,0.99726
Sample(6)23,25.439,0.18085,0.98282,0.98282,763.21,-0.5104,0.13381,0.098489,2.5473,0.93889,0.93742,0.12065,25.389,9.0034,64.39,2.407,0.18085,0.4087,-0.77455,0.97982,0.9856,0.99736
Sample(6)24,25.404,0.13852,0.98689,0.98689,774.14,-0.57856,0.098919,0.10509,2.451,0.95525,0.9541,0.12497,25.331,8.9871,65.119,2.3438,0.13852,0.32914,-0.82111,0.98341,0.98939,0.998
Sample(6)25,25.358,0.21198,0.97993,0.97993,767.73,-0.081018,0.1537,0.09539,2.5956,0.93037,0.92845,0.12073,25.317,8.9852,63.886,2.4297,0.21198,0.45042,-0.7514,0.97776,0.9835,0.99692
Sample(6)26,25.377,0.18365,0.98232,0.98232,747.03,0.98506,0.13764,0.097745,2.5595,0.93736,0.93559,0.11738,25.334,9.0053,64.103,2.4094,0.18365,0.41839,-0.76884,0.97934,0.98518,0.99729
Sample(6)27,25.244,0.1953,0.98154,0.98154,768.93,0.38314,0.14632,0.096311,2.5797,0.93311,0.93138,0.12178,25.199,8.9556,63.633,2.4237,0.1953,0.43582,-0.75916,0.97848,0.98423,0.99714
Sample(6)28,25.442,0.18455,0.98264,0.98264,777.62,-1.1469,0.13795,0.097912,2.5591,0.93714,0.93546,0.12544,25.398,8.9934,64.4,2.4111,0.18455,0.41849,-0.76905,0.97936,0.98514,0.99728
Sample(6)29,25.378,0.15614,0.9851,0.9851,763.86,0.28346,0.12111,0.10037,2.5128,0.94385,0.94269,0.1219,25.318,8.9925,64.401,2.3895,0.15614,0.3815,-0.79137,0.98121,0.98689,0.9977
Sample(6)30,25.303,0.15948,0.98453,0.98453,739.62,-0.62217,0.12295,0.099786,2.5216,0.94304,0.94187,0.11609,25.234,8.9955,64.006,2.3961,0.15948,0.38542,-0.78694,0.98085,0.9867,0.99766
Sample(6)31,25.381,0.19366,0.98156,0.98156,763.59,0.45348,0.14682,0.096012,2.5794,0.93256,0.93094,0.11816,25.332,8.9946,63.953,2.4267,0.19366,0.43642,-0.75916,0.97848,0.98415,0.99716
Sample(6)32,25.34,0.18899,0.98206,0.98206,766.69,0.020186,0.1423,0.096882,2.5714,0.93499,0.93327,0.12086,25.287,8.9817,63.952,2.4186,0.18899,0.42785,-0.76338,0.97887,0.98466,0.99722
Sample(6)33,25.34,0.18166,0.98286,0.98286,769.04,1.066,0.13667,0.098208,2.5536,0.93748,0.93591,0.12413,25.295,8.9736,64.107,2.4092,0.18166,0.41553,-0.77126,0.97953,0.98527,0.99733
Sample(6)34,25.511,0.17884,0.98298,0.98298,760.23,0.2099,0.12957,0.099161,2.537,0.94104,0.93964,0.11841,25.465,9.0211,64.658,2.4017,0.17884,0.39886,-0.77979,0.98027,0.98608,0.99742
Sample(6)35,25.393,0.19417,0.98151,0.98151,764.77,-0.14468,0.14155,0.09717,2.5669,0.93566,0.93403,0.12082,25.356,8.998,64.112,2.4171,0.19417,0.425,-0.76541,0.97905,0.98479,0.99718
Sample(6)36,25.436,0.18143,0.98274,0.98274,762.83,-0.65945,0.13239,0.098807,2.544,0.93983,0.93829,0.12081,25.392,9.0048,64.419,2.4031,0.18143,0.40583,-0.77631,0.97998,0.98577,0.99736
Sample(6)37,25.471,0.16757,0.98399,0.98399,765.02,-0.7592,0.12427,0.1,2.5221,0.94302,0.94177,0.12237,25.415,9.0159,64.612,2.3942,0.16757,0.38754,-0.78682,0.98084,0.98661,0.99757
Sample(6)38,25.386,0.21702,0.97944,0.97944,766.63,-0.12235,0.15598,0.095006,2.5988,0.92947,0.92753,0.12061,25.364,8.9926,63.928,2.4325,0.21702,0.45462,-0.75003,0.97764,0.98327,0.99686
Sample(6)39,25.367,0.209,0.98015,0.98015,762.84,-0.63441,0.14321,0.097658,2.5682,0.93638,0.93438,0.12068,25.326,8.9907,64.164,2.409,0.209,0.42808,-0.76466,0.97897,0.98473,0.997
Sample(6)40,25.541,0.19352,0.9815,0.9815,758.56,-1.011,0.14475,0.096324,2.5744,0.93365,0.93208,0.1178,25.498,9.0348,64.438,2.4235,0.19352,0.4317,-0.76183,0.97873,0.9844,0.99718
Sample(6)41,25.358,0.18965,0.9821,0.9821,775.02,0.14795,0.14549,0.096217,2.5799,0.93303,0.93142,0.12321,25.299,8.9786,63.918,2.4278,0.18965,0.43404,-0.75898,0.97846,0.98428,0.9972
Sample(6)42,25.394,0.20613,0.98049,0.98049,769.79,-0.82573,0.15605,0.094559,2.6033,0.92856,0.92675,0.12232,25.345,8.9921,63.86,2.4395,0.20613,0.4552,-0.74788,0.97744,0.98317,0.99696
Sample(6)43,25.405,0.18256,0.98253,0.98253,760.93,0.29332,0.13582,0.09804,2.5525,0.93802,0.93643,0.11819,25.344,9.005,64.226,2.4085,0.18256,0.41372,-0.7724,0.97966,0.98537,0.99733
Sample(6)44,25.433,0.19837,0.98103,0.98103,751.71,0.41528,0.15129,0.095056,2.5935,0.93038,0.92876,0.12021,25.395,9.0119,63.949,2.4369,0.19837,0.4452,-0.75228,0.97784,0.98366,0.99708
Sample(6)45,25.479,0.21292,0.97983,0.97983,765.5,-1.0854,0.15172,0.095497,2.5914,0.93143,0.92963,0.11986,25.451,9.0126,64.221,2.4308,0.21292,0.44528,-0.75375,0.978,0.98374,0.99693
Sample(6)46,25.497,0.20031,0.98107,0.98107,769.14,-0.76382,0.15562,0.094232,2.6052,0.92821,0.92648,0.11927,25.471,9.0123,64.113,2.4436,0.20031,0.4545,-0.74703,0.97737,0.98317,0.99703
Sample(6)47,25.463,0.20525,0.98056,0.98056,771.01,-1.2335,0.15294,0.09521,2.5949,0.93026,0.92844,0.12283,25.43,9.0081,64.15,2.4326,0.20525,0.44901,-0.75198,0.97783,0.98353,0.99699
Sample(6)48,25.421,0.19755,0.98139,0.98139,773.23,-0.65741,0.14791,0.096091,2.5841,0.93253,0.93071,0.12251,25.373,8.9918,64.148,2.4255,0.19755,0.43934,-0.75717,0.97831,0.98407,0.9971
Sample(6)49,25.39,0.22538,0.97871,0.97871,772.26,-0.53018,0.16654,0.092957,2.6279,0.92419,0.92222,0.12193,25.35,8.9909,63.695,2.4528,0.22538,0.4752,-0.73608,0.9763,0.98208,0.9967
Sample(6)50,25.492,0.17099,0.98367,0.98367,762.77,-0.78713,0.13312,0.09813,2.5481,0.93844,0.93702,0.11929,25.435,9.0207,64.473,2.4097,0.17099,0.40842,-0.77442,0.97982,0.98559,0.99747
Sample(7)1,25.332,0.42137,0.9597,0.9597,746.97,0.65028,0.31192,0.072008,2.9152,0.8587,0.85441,0.11296,25.399,9.0143,61.71,2.594,0.42137,0.70374,-0.59762,0.95742,0.96646,0.9938
Sample(7)2,25.236,0.51125,0.95151,0.95151,745.85,0.36947,0.36149,0.06721,2.9949,0.83962,0.83357,0.11026,25.352,8.9932,61.258,2.6151,0.51125,0.77137,-0.55957,0.94995,0.96137,0.99251
Sample(7)3,25.401,0.55178,0.94721,0.94721,733.29,-1.039,0.38041,0.065202,3.0251,0.83248,0.82595,0.10783,25.531,9.0446,61.577,2.624,0.55178,0.79439,-0.545,0.94673,0.95947,0.99197
Sample(7)4,25.33,0.54519,0.94852,0.94852,748.02,-0.67504,0.37938,0.065624,3.0227,0.83275,0.82612,0.10832,25.458,9.0128,61.471,2.6226,0.54519,0.79373,-0.54585,0.94689,0.95955,0.99203
Sample(7)5,25.204,0.73629,0.93061,0.93061,742.45,-0.43046,0.4351,0.062613,3.1057,0.82015,0.81031,0.10726,25.431,9.0036,61.168,2.6254,0.73629,0.87232,-0.50625,0.93711,0.95465,0.98958
Sample(7)6,25.278,0.57575,0.94543,0.94543,742.98,0.26571,0.39055,0.064594,3.0394,0.82907,0.82213,0.10963,25.425,9.0089,61.257,2.6268,0.57575,0.80762,-0.53806,0.94512,0.95848,0.99165
Sample(7)7,25.277,0.52158,0.95033,0.95033,744.51,-0.84899,0.36956,0.066208,3.0086,0.83599,0.82976,0.11002,25.396,9.0083,61.286,2.6204,0.52158,0.78051,-0.55279,0.94846,0.9605,0.99235
Sample(7)8,25.206,0.65668,0.9372,0.9372,731.66,-0.32162,0.41276,0.063397,3.0765,0.82502,0.81642,0.10637,25.394,9.0125,61.052,2.6253,0.65668,0.84232,-0.52004,0.9407,0.95659,0.99059
Sample(7)9,25.21,0.67398,0.93562,0.93562,726.98,-0.27275,0.43858,0.060349,3.1108,0.81168,0.8029,0.10491,25.403,9.014,60.856,2.6428,0.67398,0.86528,-0.50337,0.93628,0.95365,0.99027
Sample(7)10,25.269,0.55195,0.94776,0.94776,747.37,0.33218,0.37659,0.066226,3.0192,0.83529,0.82839,0.11016,25.403,9.0027,61.357,2.617,0.55195,0.79357,-0.54759,0.9473,0.95995,0.99196
Sample(7)11,25.175,0.4952,0.953,0.953,748.23,0.91498,0.34145,0.069548,2.9636,0.84909,0.84359,0.11101,25.281,8.9787,61.217,2.6037,0.4952,0.74707,-0.57453,0.95303,0.9636,0.99282
Sample(7)12,25.139,0.64854,0.93841,0.93841,731.99,0.73564,0.42268,0.061948,3.0861,0.81818,0.80994,0.10531,25.316,8.9884,60.753,2.6369,0.64854,0.84793,-0.51539,0.9395,0.95532,0.99064
Sample(7)13,25.185,0.49932,0.95221,0.95221,737.91,1.0925,0.3565,0.067316,2.989,0.8412,0.83539,0.10858,25.29,8.9911,61.06,2.6145,0.49932,0.76422,-0.56245,0.95056,0.96186,0.99268
Sample(7)14,25.36,0.38836,0.96295,0.96295,742.75,0.10725,0.30034,0.072916,2.894,0.86223,0.85834,0.11055,25.414,9.014,61.834,2.5907,0.38836,0.68616,-0.60773,0.9592,0.96754,0.99423
Sample(7)15,25.342,0.40793,0.96123,0.96123,755.41,-0.55408,0.3154,0.071362,2.9179,0.8554,0.85125,0.11419,25.407,9.0078,61.71,2.5989,0.40793,0.7051,-0.59624,0.95716,0.96592,0.99393
Sample(7)16,25.263,0.4634,0.95603,0.95603,751.24,-0.27748,0.33905,0.069271,2.9587,0.84757,0.84238,0.11227,25.357,8.9945,61.42,2.6067,0.4634,0.74059,-0.57673,0.95346,0.96361,0.99318
Sample(7)17,25.276,0.6342,0.93998,0.93998,743.67,-1.1576,0.41191,0.06321,3.0701,0.82268,0.81472,0.10803,25.454,9.0134,61.24,2.6304,0.6342,0.83616,-0.52301,0.94144,0.95646,0.99088
Sample(7)18,25.274,0.43014,0.95891,0.95891,745.08,0.57731,0.32702,0.069887,2.9392,0.85097,0.84645,0.11081,25.347,9.0012,61.402,2.6061,0.43014,0.72133,-0.58621,0.95531,0.96474,0.99362
Sample(7)19,25.132,0.6482,0.9381,0.9381,731.47,0.56155,0.38262,0.067717,3.0297,0.84186,0.83318,0.10606,25.308,8.9933,61.221,2.5959,0.6482,0.81202,-0.54258,0.94616,0.96012,0.99084
Sample(7)20,25.161,0.64783,0.93818,0.93818,732.83,0.14773,0.40854,0.063939,3.0688,0.82651,0.81808,0.105,25.341,8.999,60.965,2.6229,0.64783,0.83707,-0.52344,0.94153,0.95701,0.99072
Sample(7)21,25.198,0.58261,0.9449,0.9449,744.45,-0.11242,0.39495,0.064302,3.0447,0.82725,0.82017,0.10799,25.349,8.9893,61.029,2.6282,0.58261,0.8127,-0.53504,0.94436,0.95802,0.99155
Sample(7)22,25.344,0.34206,0.96724,0.96724,751.84,-0.84295,0.27147,0.076252,2.8412,0.87395,0.871,0.11368,25.376,9.01,61.973,2.5731,0.34206,0.6429,-0.63345,0.96344,0.97056,0.99491
Sample(7)23,25.239,0.46162,0.95618,0.95618,748.99,-0.27004,0.33204,0.070151,2.9503,0.85171,0.84641,0.11009,25.327,8.9895,61.419,2.6009,0.46162,0.73446,-0.58103,0.95432,0.96444,0.99322
Sample(7)24,25.177,0.48105,0.95422,0.95422,741.04,1.5336,0.34303,0.068844,2.9652,0.84672,0.84146,0.10989,25.276,8.9807,61.136,2.6089,0.48105,0.74612,-0.57376,0.95288,0.96328,0.99297
Sample(7)25,25.396,0.38847,0.96315,0.96315,755.56,-0.59152,0.26974,0.078378,2.84,0.88019,0.87611,0.11432,25.453,9.0154,62.477,2.5516,0.38847,0.65018,-0.634,0.96352,0.97121,0.99438
Sample(7)26,25.188,0.63678,0.93966,0.93966,739.6,0.82575,0.40473,0.064144,3.0638,0.82762,0.81937,0.10858,25.362,8.9956,61.079,2.6229,0.63678,0.83213,-0.52649,0.94235,0.95736,0.99086
Sample(7)27,25.054,0.7064,0.93213,0.93213,720.74,1.9732,0.43973,0.060823,3.1154,0.8145,0.80508,0.10537,25.273,8.9896,60.475,2.6362,0.7064,0.87245,-0.50136,0.93575,0.95382,0.98989
Sample(7)28,25.126,0.62731,0.93968,0.93968,725.23,1.4445,0.41774,0.061795,3.0828,0.81895,0.81095,0.10678,25.298,8.9978,60.628,2.6373,0.62731,0.84067,-0.51714,0.93997,0.95571,0.99091
Sample(7)29,25.39,0.43707,0.95848,0.95848,745.81,0.35565,0.32648,0.070328,2.9389,0.85241,0.84749,0.1128,25.471,9.0212,61.832,2.6012,0.43707,0.72438,-0.58638,0.95534,0.96488,0.99352
Sample(7)30,25.46,0.37569,0.96413,0.96413,748.61,-0.52686,0.28199,0.07548,2.8632,0.87145,0.86785,0.11393,25.509,9.0356,62.311,2.575,0.37569,0.66234,-0.623,0.96179,0.96962,0.99447
Sample(7)31,25.406,0.43314,0.95877,0.95877,744.54,-0.41224,0.31478,0.071829,2.9206,0.85834,0.85378,0.11127,25.485,9.0268,61.955,2.5941,0.43314,0.70946,-0.59526,0.957,0.96623,0.99365
Sample(7)32,25.134,0.5275,0.9495,0.9495,735.72,2.1437,0.3584,0.0677,2.9939,0.84321,0.83682,0.10999,25.257,8.9834,60.991,2.6095,0.5275,0.77181,-0.56005,0.95005,0.9619,0.99233
Sample(7)33,25.145,0.64959,0.93832,0.93832,735.19,0.26629,0.42688,0.061349,3.0949,0.81595,0.8076,0.10489,25.328,8.9899,60.74,2.6395,0.64959,0.85188,-0.51152,0.93852,0.95483,0.9906
Sample(7)34,25.265,0.33435,0.96826,0.96826,755.66,1.1593,0.25136,0.07984,2.804,0.88519,0.88211,0.11453,25.289,8.9811,62.122,2.5477,0.33435,0.61823,-0.65124,0.96608,0.97291,0.99508
Sample(7)35,25.111,0.57162,0.94595,0.94595,743.28,1.3468,0.38024,0.066,3.0246,0.83495,0.8279,0.10761,25.254,8.9686,60.914,2.6177,0.57162,0.79913,-0.54527,0.94679,0.95969,0.99173
Sample(7)36,25.13,0.6513,0.93786,0.93786,730.79,1.0044,0.42207,0.061998,3.0886,0.81906,0.81056,0.10539,25.313,8.9921,60.736,2.6341,0.6513,0.84911,-0.51444,0.93928,0.95542,0.9906
Sample(7)37,25.105,0.70655,0.93292,0.93292,730.17,0.57102,0.4456,0.060248,3.1212,0.81097,0.80167,0.10445,25.315,8.9871,60.623,2.6416,0.70655,0.87642,-0.49866,0.93501,0.95311,0.98986
Sample(7)38,25.196,0.55036,0.94747,0.94747,741.86,0.25514,0.38453,0.064727,3.0322,0.83014,0.82352,0.10883,25.334,8.9961,60.969,2.627,0.55036,0.7984,-0.54141,0.94589,0.95897,0.99196
Sample(7)39,25.248,0.47299,0.95503,0.95503,749.01,0.0038178,0.34079,0.069252,2.9633,0.84771,0.84227,0.11102,25.347,8.9946,61.382,2.6055,0.47299,0.74483,-0.57438,0.95298,0.9635,0.99305
Sample(7)40,25.264,0.48917,0.95369,0.95369,747.22,0.99564,0.35408,0.067764,2.9818,0.84145,0.83591,0.11087,25.368,8.9949,61.34,2.615,0.48917,0.7593,-0.56524,0.95109,0.96205,0.9928
Sample(7)41,25.092,0.67838,0.93505,0.93505,729.24,0.86382,0.43724,0.060609,3.1103,0.81287,0.80403,0.10487,25.287,8.9909,60.538,2.6406,0.67838,0.865,-0.50375,0.9364,0.95385,0.99023
Sample(7)42,25.234,0.61415,0.94114,0.94114,734.34,-1.2198,0.40943,0.062791,3.071,0.8224,0.81461,0.10784,25.408,9.0163,61.007,2.6326,0.61415,0.83167,-0.5228,0.94141,0.95659,0.9911
Sample(7)43,25.174,0.57595,0.945,0.945,735.78,0.68379,0.36718,0.068124,3.0068,0.84363,0.83607,0.10697,25.32,8.9947,61.243,2.6012,0.57595,0.78916,-0.553,0.94845,0.96131,0.99171
Sample(7)44,25.186,0.46847,0.95636,0.95636,762.34,-0.24694,0.31706,0.07373,2.9182,0.86083,0.85547,0.11298,25.28,8.956,61.677,2.5782,0.46847,0.71842,-0.59453,0.95673,0.96628,0.99324
Sample(7)45,25.455,0.36093,0.96546,0.96546,746.44,-0.2859,0.2675,0.07749,2.8369,0.87841,0.87499,0.11439,25.497,9.0356,62.444,2.5621,0.36093,0.64258,-0.63562,0.96378,0.97122,0.99471
Sample(7)46,25.392,0.37116,0.96479,0.96479,756.37,-0.48354,0.2648,0.078717,2.8292,0.88113,0.87746,0.11516,25.439,9.0126,62.455,2.5518,0.37116,0.64089,-0.6391,0.96429,0.97164,0.9946
Sample(7)47,25.194,0.42465,0.95938,0.95938,743.97,1.2007,0.30613,0.072913,2.9062,0.86256,0.85809,0.11087,25.268,8.9843,61.409,2.587,0.42465,0.69881,-0.60215,0.95824,0.96719,0.99379
Sample(7)48,25.211,0.77462,0.92621,0.92621,727.26,-0.69238,0.46312,0.059467,3.1451,0.80748,0.79719,0.10477,25.459,9.0221,60.94,2.641,0.77462,0.89991,-0.48737,0.93179,0.95163,0.98903
Sample(7)49,25.296,0.36993,0.96459,0.96459,744.23,0.73032,0.28304,0.075146,2.8628,0.86997,0.86664,0.11325,25.34,9.0018,61.771,2.5793,0.36993,0.66107,-0.62245,0.96165,0.96943,0.99455
Sample(7)50,25.103,0.69111,0.93485,0.93485,742.2,1.09,0.42777,0.062818,3.0915,0.81995,0.81076,0.10876,25.299,8.9764,60.846,2.6266,0.69111,0.86042,-0.51308,0.93892,0.95511,0.99012
Sample(8)1,25.423,0.27149,0.97404,0.97404,762.83,-0.41629,0.19066,0.089944,2.6729,0.91436,0.91201,0.11925,25.412,9.0179,63.469,2.4737,0.27149,0.5186,-0.71346,0.97387,0.9796,0.99609
Sample(8)2,25.194,0.3583,0.96606,0.96606,763.25,1.0766,0.23729,0.083485,2.7716,0.89578,0.89233,0.11765,25.241,8.9656,62.326,2.5178,0.3583,0.59861,-0.66688,0.96826,0.97481,0.99489
Sample(8)3,25.355,0.25278,0.9761,0.9761,767.73,0.7548,0.18091,0.09108,2.6572,0.91855,0.91624,0.11872,25.333,8.9875,63.441,2.4651,0.25278,0.50215,-0.72187,0.97483,0.98061,0.99632
Sample(8)4,25.408,0.24853,0.97621,0.97621,754.84,0.67938,0.17461,0.092002,2.6429,0.92179,0.91954,0.11889,25.391,9.0129,63.628,2.4571,0.24853,0.48985,-0.72896,0.97558,0.98133,0.9964
Sample(8)5,25.25,0.37111,0.96502,0.96502,762.78,0.5779,0.24047,0.083437,2.7758,0.89524,0.89161,0.11587,25.307,8.9737,62.525,2.5178,0.37111,0.60366,-0.66477,0.96797,0.97455,0.99472
Sample(8)6,25.319,0.36737,0.96455,0.96455,738.3,1.7539,0.23826,0.083203,2.7749,0.89604,0.89249,0.11639,25.367,9.0159,62.58,2.5181,0.36737,0.60005,-0.66527,0.96804,0.97478,0.99479
Sample(8)7,25.375,0.3283,0.96836,0.96836,739.49,1.0452,0.22323,0.084834,2.7479,0.90123,0.89803,0.11581,25.403,9.0226,62.861,2.5082,0.3283,0.57634,-0.67829,0.96975,0.97623,0.99528
Sample(8)8,25.327,0.38634,0.96327,0.96327,758.04,-0.48867,0.24017,0.083899,2.7719,0.89641,0.89279,0.11704,25.387,9.0025,62.749,2.5142,0.38634,0.60182,-0.66628,0.96815,0.97471,0.99459
Sample(8)9,25.293,0.39124,0.96318,0.96318,768.18,-0.20264,0.24808,0.082723,2.7892,0.89253,0.88874,0.11847,25.336,8.9834,62.6,2.5228,0.39124,0.61546,-0.65807,0.96703,0.97381,0.99448
Sample(8)10,25.372,0.2692,0.97458,0.97458,767.16,-0.11885,0.18064,0.091753,2.6511,0.92003,0.91765,0.11889,25.363,8.9912,63.59,2.4586,0.2692,0.49986,-0.72483,0.97514,0.98078,0.99616
Sample(8)11,25.41,0.34306,0.96717,0.96717,742.94,0.9337,0.2345,0.083285,2.7672,0.89568,0.89261,0.11494,25.433,9.0237,62.81,2.5235,0.34306,0.59241,-0.66821,0.96838,0.975,0.99508
Sample(8)12,25.361,0.33493,0.96824,0.96824,760.91,-0.48486,0.22853,0.08424,2.7553,0.89855,0.89544,0.11613,25.396,9.0012,62.828,2.515,0.33493,0.58385,-0.67485,0.96932,0.97565,0.99519
Sample(8)13,25.321,0.24964,0.97631,0.97631,761.05,1.0241,0.17272,0.092593,2.6381,0.92299,0.92073,0.11773,25.306,8.984,63.467,2.4536,0.24964,0.48592,-0.731,0.97577,0.98157,0.9964
Sample(8)14,25.325,0.26625,0.9747,0.9747,762.44,0.63999,0.19175,0.089237,2.6832,0.91357,0.91111,0.1176,25.318,8.9879,63.122,2.4812,0.26625,0.52185,-0.709,0.9734,0.97944,0.99612
Sample(8)15,25.183,0.42974,0.95888,0.95888,745.72,2.0494,0.25099,0.083398,2.7878,0.89414,0.88999,0.11546,25.245,8.9827,62.326,2.5133,0.42974,0.61857,-0.65785,0.96694,0.97379,0.99408
Sample(8)16,25.344,0.26854,0.97447,0.97447,758.45,0.3349,0.18295,0.091199,2.6611,0.91909,0.91646,0.11616,25.34,8.993,63.438,2.4608,0.26854,0.5059,-0.72021,0.97466,0.98052,0.99613
Sample(8)17,25.496,0.31861,0.96946,0.96946,748.88,-0.72895,0.2221,0.084757,2.7437,0.90072,0.89779,0.11778,25.511,9.0418,63.203,2.5107,0.31861,0.57338,-0.6804,0.97003,0.97627,0.9954
Sample(8)18,25.304,0.30731,0.971,0.971,765.38,0.14138,0.20173,0.088588,2.702,0.91172,0.90876,0.11635,25.317,8.9799,63.096,2.4828,0.30731,0.53875,-0.7004,0.97245,0.97861,0.99562
Sample(8)19,25.321,0.32849,0.96907,0.96907,767.54,-0.47015,0.22351,0.085013,2.7485,0.90101,0.89791,0.11771,25.348,8.9834,62.805,2.5109,0.32849,0.57589,-0.6779,0.96969,0.9762,0.99527
Sample(8)20,25.33,0.24246,0.97689,0.97689,759.86,0.48206,0.16949,0.092956,2.6309,0.92417,0.92198,0.11736,25.304,8.9901,63.524,2.4492,0.24246,0.48015,-0.73472,0.97617,0.98189,0.9965
Sample(8)21,25.341,0.25717,0.97535,0.97535,746.88,1.2585,0.17888,0.091655,2.6529,0.92036,0.91788,0.1163,25.326,9.0006,63.403,2.4589,0.25717,0.49841,-0.72362,0.97499,0.9809,0.99627
Sample(8)22,25.265,0.35036,0.96651,0.96651,748.67,1.3135,0.23234,0.083931,2.7632,0.89798,0.89456,0.11635,25.286,8.9909,62.528,2.5137,0.35036,0.59097,-0.67103,0.96882,0.97534,0.99499
Sample(8)23,25.27,0.26897,0.97453,0.97453,764.75,0.76286,0.19599,0.0883,2.6935,0.91123,0.90882,0.1187,25.265,8.9719,62.886,2.4887,0.26897,0.52902,-0.70442,0.97291,0.97895,0.99607
Sample(8)24,25.3,0.31396,0.9702,0.9702,756.8,0.9582,0.20916,0.087327,2.7176,0.90817,0.90505,0.11455,25.311,8.9863,62.964,2.4899,0.31396,0.55251,-0.69306,0.97159,0.97779,0.9955
Sample(8)25,25.339,0.36308,0.96514,0.96514,742.78,0.98572,0.23503,0.083868,2.7669,0.89756,0.89404,0.11626,25.386,9.0139,62.727,2.5131,0.36308,0.5949,-0.6691,0.96855,0.97513,0.99485
Sample(8)26,25.369,0.31176,0.97028,0.97028,753.73,0.35791,0.21791,0.085258,2.7368,0.90236,0.89963,0.11562,25.393,9.0065,62.869,2.5104,0.31176,0.56526,-0.68359,0.97042,0.97671,0.9955
Sample(8)27,25.387,0.25977,0.97516,0.97516,754.74,0.53663,0.1763,0.092166,2.6445,0.92185,0.91946,0.11736,25.369,9.0084,63.61,2.4543,0.25977,0.49256,-0.72813,0.97549,0.98123,0.99627
Sample(8)28,25.228,0.31892,0.96981,0.96981,761.51,0.7767,0.21195,0.087071,2.7228,0.90704,0.9039,0.11572,25.252,8.9676,62.73,2.4931,0.31892,0.55696,-0.69028,0.97124,0.9775,0.99543
Sample(8)29,25.374,0.31239,0.97036,0.97036,762.12,-0.54809,0.21639,0.08577,2.7344,0.90352,0.90061,0.11734,25.392,9.0023,62.976,2.5056,0.31239,0.56419,-0.68465,0.97055,0.9769,0.9955
Sample(8)30,25.403,0.26164,0.97503,0.97503,758.98,-0.087442,0.18254,0.090979,2.6602,0.91851,0.91608,0.11663,25.396,9.01,63.52,2.4657,0.26164,0.50472,-0.72036,0.97466,0.9805,0.99621
Sample(8)31,25.31,0.26354,0.97514,0.97514,770.63,0.27478,0.18138,0.091469,2.6562,0.9194,0.91691,0.11907,25.307,8.9757,63.391,2.4602,0.26354,0.50269,-0.72249,0.9749,0.98066,0.9962
Sample(8)32,25.374,0.2085,0.98025,0.98025,767.63,0.15126,0.14668,0.096988,2.5734,0.93438,0.93241,0.11936,25.329,8.9886,64.15,2.4128,0.2085,0.43564,-0.76239,0.97878,0.98432,0.99698
Sample(8)33,25.351,0.24466,0.97681,0.97681,765.63,0.33418,0.18323,0.090159,2.6659,0.91634,0.9142,0.11931,25.336,8.9887,63.265,2.4763,0.24466,0.50614,-0.71736,0.97432,0.98026,0.9964
Sample(8)34,25.307,0.3596,0.96593,0.96593,760.46,0.12831,0.22824,0.08538,2.7529,0.90133,0.89775,0.11587,25.335,8.9909,62.845,2.5029,0.3596,0.58407,-0.67562,0.96939,0.97591,0.99491
Sample(8)35,25.469,0.23826,0.97715,0.97715,750.33,0.72135,0.17103,0.09239,2.6382,0.92308,0.92082,0.11794,25.453,9.0273,63.825,2.4543,0.23826,0.48405,-0.73112,0.97579,0.98167,0.99652
Sample(8)36,25.37,0.25185,0.97607,0.97607,764.11,-0.62605,0.18418,0.090148,2.6674,0.91648,0.91425,0.11847,25.357,8.9965,63.324,2.4751,0.25185,0.50789,-0.71685,0.97428,0.98021,0.99632
Sample(8)37,25.363,0.28851,0.9726,0.9726,761.04,0.1064,0.20118,0.088177,2.7026,0.91032,0.90756,0.11701,25.359,8.9983,63.159,2.4877,0.28851,0.53861,-0.69966,0.97233,0.97852,0.99582
Sample(8)38,25.353,0.28131,0.97324,0.97324,756.52,1.1233,0.20047,0.087825,2.6987,0.90968,0.9072,0.11843,25.347,8.9973,63.08,2.4904,0.28131,0.53627,-0.70199,0.97263,0.97852,0.99592
Sample(8)39,25.405,0.20768,0.98007,0.98007,749.98,1.3931,0.13434,0.099839,2.5398,0.94157,0.93951,0.12,25.365,9.0106,64.519,2.3863,0.20768,0.40727,-0.77818,0.98013,0.98579,0.99704
Sample(8)40,25.296,0.3131,0.96995,0.96995,745.88,2.0254,0.20667,0.087695,2.7109,0.90928,0.90634,0.11705,25.313,8.9982,62.914,2.4878,0.3131,0.54704,-0.69592,0.97191,0.97807,0.99553
Sample(8)41,25.397,0.35198,0.96615,0.96615,743.27,0.78805,0.22715,0.085137,2.7524,0.90139,0.89779,0.11726,25.42,9.0277,63.025,2.5021,0.35198,0.58316,-0.6761,0.96947,0.97598,0.99499
Sample(8)42,25.324,0.43364,0.95903,0.95903,757.51,0.23791,0.26268,0.081519,2.8117,0.88787,0.88367,0.1158,25.41,8.9997,62.615,2.5281,0.43364,0.63742,-0.64676,0.96538,0.97244,0.99396
Sample(8)43,25.322,0.34678,0.96671,0.96671,744.22,1.5202,0.23149,0.083929,2.7605,0.89794,0.89472,0.11685,25.351,9.0081,62.649,2.515,0.34678,0.58845,-0.6721,0.96894,0.9754,0.99505
Sample(8)44,25.308,0.26287,0.97482,0.97482,745.34,2.0522,0.17819,0.091982,2.6477,0.92115,0.91868,0.11724,25.297,8.9933,63.362,2.4552,0.26287,0.49629,-0.72613,0.97526,0.98103,0.99622
Sample(8)45,25.314,0.31392,0.97023,0.97023,762.91,0.16067,0.21528,0.086038,2.7325,0.90441,0.90146,0.11743,25.325,8.9888,62.832,2.5035,0.31392,0.56224,-0.68557,0.97066,0.97705,0.99548
Sample(8)46,25.263,0.36181,0.96604,0.96604,772.24,-0.24174,0.23577,0.084133,2.7678,0.89715,0.89359,0.11992,25.318,8.9704,62.635,2.5136,0.36181,0.59632,-0.66844,0.96845,0.97503,0.99484
Sample(8)47,25.379,0.25599,0.9755,0.9755,753.51,0.60309,0.18485,0.090012,2.6666,0.91634,0.91413,0.11751,25.357,9.0072,63.324,2.4741,0.25599,0.50856,-0.71751,0.97437,0.98016,0.99628
Sample(8)48,25.265,0.30048,0.97155,0.97155,763.65,0.74675,0.20646,0.087599,2.7091,0.90824,0.90542,0.11702,25.28,8.9745,62.866,2.4901,0.30048,0.54726,-0.69681,0.97202,0.97799,0.99567
Sample(8)49,25.344,0.35829,0.96561,0.96561,743.78,1.2051,0.23118,0.084364,2.757,0.89894,0.89567,0.11597,25.364,9.0141,62.754,2.5121,0.35829,0.58729,-0.67344,0.9691,0.97553,0.99494
Sample(8)50,25.331,0.31999,0.96962,0.96962,762.69,-0.11398,0.21925,0.085813,2.7383,0.9028,0.89971,0.11848,25.357,8.9943,62.862,2.5045,0.31999,0.56937,-0.68223,0.97021,0.97664,0.99538
